"Table with row headers in column A, L, W, AH, AS, BD, BO, BZ, CK, CV, and DG, and column headers in rows 6 through 8 and 45 through 47.",,,,,,,,,,,,,,,,,,,,,,,,,,,,,,,,,,,,,,,,,,,,,,,,,,,,,,,,,,,,,,,,,,,,,,,,,,,,,,,,,,,,,,,,,,,,,,,,,,,,,,,,,,,,,,,,,,,,,,,,,,,,,,,,,,,
Table 1.  State of Residence by State of Birth1: 2017,,,,,,,,,,,Table 1.  State of Residence by State of Birth1: 2017,,,,,,,,,,,Table 1.  State of Residence by State of Birth1: 2017,,,,,,,,,,,Table 1.  State of Residence by State of Birth1: 2017,,,,,,,,,,,Table 1.  State of Residence by State of Birth1: 2017,,,,,,,,,,,Table 1.  State of Residence by State of Birth1: 2017,,,,,,,,,,,Table 1.  State of Residence by State of Birth1: 2017,,,,,,,,,,,Table 1.  State of Residence by State of Birth1: 2017,,,,,,,,,,,Table 1.  State of Residence by State of Birth1: 2017,,,,,,,,,,,Table 1.  State of Residence by State of Birth1: 2017,,,,,,,,,,,Table 1.  State of Residence by State of Birth1: 2017,,,,,,,,,,,Table 1.  State of Residence by State of Birth1: 2017,,,,,,,,,,
Dataset: 2017 American Community Survey 1-Year Estimates,,,,,,,,,,,Dataset: 2017 American Community Survey 1-Year Estimates,,,,,,,,,,,Dataset: 2017 American Community Survey 1-Year Estimates,,,,,,,,,,,Dataset: 2017 American Community Survey 1-Year Estimates,,,,,,,,,,,Dataset: 2017 American Community Survey 1-Year Estimates,,,,,,,,,,,Dataset: 2017 American Community Survey 1-Year Estimates,,,,,,,,,,,Dataset: 2017 American Community Survey 1-Year Estimates,,,,,,,,,,,Dataset: 2017 American Community Survey 1-Year Estimates,,,,,,,,,,,Dataset: 2017 American Community Survey 1-Year Estimates,,,,,,,,,,,Dataset: 2017 American Community Survey 1-Year Estimates,,,,,,,,,,,Dataset: 2017 American Community Survey 1-Year Estimates,,,,,,,,,,,Dataset: 2017 American Community Survey 1-Year Estimates,,,,,,,,,,
Universe: Total Population,,,,,,,,,,,Universe: Total Population,,,,,,,,,,,Universe: Total Population,,,,,,,,,,,Universe: Total Population,,,,,,,,,,,Universe: Total Population,,,,,,,,,,,Universe: Total Population,,,,,,,,,,,Universe: Total Population,,,,,,,,,,,Universe: Total Population,,,,,,,,,,,Universe: Total Population,,,,,,,,,,,Universe: Total Population,,,,,,,,,,,Universe: Total Population,,,,,,,,,,,Universe: Total Population,,,,,,,,,,
,,,,,,,,,,,,,,,,,,,,,,,,,,,,,,,,,,,,,,,,,,,,,,,,,,,,,,,,,,,,,,,,,,,,,,,,,,,,,,,,,,,,,,,,,,,,,,,,,,,,,,,,,,,,,,,,,,,,,,,,,,,,,,,,,,,
Current residence,Total Population,,State of birth,,,,,,,,Current residence,State of birth (continued),,,,,,,,,,Current residence,State of birth (continued),,,,,,,,,,Current residence,State of birth (continued),,,,,,,,,,Current residence,State of birth (continued),,,,,,,,,,Current residence,State of birth (continued),,,,,,,,,,Current residence,State of birth (continued),,,,,,,,,,Current residence,State of birth (continued),,,,,,,,,,Current residence,State of birth (continued),,,,,,,,,,Current residence,State of birth (continued),,,,,,,,,,Current residence,State of birth (continued),,,,,,,,,,Current residence,State of birth (continued),,,,,,,,,
,,,Alabama,,Alaska,,Arizona,,Arkansas,,,California,,Colorado,,Connecticut,,Delaware,,District of Columbia ,,,Florida,,Georgia,,Hawaii,,Idaho,,Illinois,,,Indiana,,Iowa,,Kansas,,Kentucky,,Louisiana,,,Maine,,Maryland,,Massachusetts,,Michigan,,Minnesota,,,Mississippi,,Missouri,,Montana,,Nebraska,,Nevada,,,New Hampshire,,New Jersey,,New Mexico,,New York,,North Carolina,,,North Dakota,,Ohio,,Oklahoma,,Oregon,,Pennsylvania,,,Rhode Island,,South Carolina,,South Dakota,,Tennessee,,Texas,,,Utah,,Vermont,,Virginia,,Washington,,West Virginia,,,Wisconsin,,Wyoming,,Puerto Rico,,American Samoa,,Guam,,,Northern Marianas Islands,,U.S. Virgin Islands,,Other U.S. Island Areas3,,Foreign Country4,,,
,Estimate,MOE,Estimate,MOE,Estimate,MOE,Estimate,MOE,Estimate,MOE,,Estimate,MOE,Estimate,MOE,Estimate,MOE,Estimate,MOE,Estimate,MOE,,Estimate,MOE,Estimate,MOE,Estimate,MOE,Estimate,MOE,Estimate,MOE,,Estimate,MOE,Estimate,MOE,Estimate,MOE,Estimate,MOE,Estimate,MOE,,Estimate,MOE,Estimate,MOE,Estimate,MOE,Estimate,MOE,Estimate,MOE,,Estimate,MOE,Estimate,MOE,Estimate,MOE,Estimate,MOE,Estimate,MOE,,Estimate,MOE,Estimate,MOE,Estimate,MOE,Estimate,MOE,Estimate,MOE,,Estimate,MOE,Estimate,MOE,Estimate,MOE,Estimate,MOE,Estimate,MOE,,Estimate,MOE,Estimate,MOE,Estimate,MOE,Estimate,MOE,Estimate,MOE,,Estimate,MOE,Estimate,MOE,Estimate,MOE,Estimate,MOE,Estimate,MOE,,Estimate,MOE,Estimate,MOE,Estimate,MOE,Estimate,MOE,Estimate,MOE,,Estimate,MOE,Estimate,MOE,Estimate,MOE,Estimate,MOE,,
,,,,,,,,,,,,,,,,,,,,,,,,,,,,,,,,,,,,,,,,,,,,,,,,,,,,,,,,,,,,,,,,,,,,,,,,,,,,,,,,,,,,,,,,,,,,,,,,,,,,,,,,,,,,,,,,,,,,,,,,,,,,,,,,,,,
United States2,"325,719,178",*****,"4,819,291","+/- 30,927","636,317","+/- 13,642","3,853,001","+/- 36,204","2,830,172","+/- 27,200",United States2,"29,269,378","+/- 72,286","3,651,605","+/- 31,537","3,195,105","+/- 26,361","733,755","+/- 14,345","1,434,102","+/- 21,118",United States2,"10,174,369","+/- 52,958","7,679,965","+/- 47,017","1,286,137","+/- 17,071","1,356,234","+/- 15,423","13,459,855","+/- 51,722",United States2,"6,568,485","+/- 34,516","3,628,171","+/- 23,696","2,979,707","+/- 22,116","4,468,613","+/- 33,850","5,240,805","+/- 32,615",United States2,"1,324,951","+/- 17,985","4,428,255","+/- 31,180","6,509,537","+/- 43,658","10,636,568","+/- 42,182","5,249,525","+/- 25,788",United States2,"3,350,350","+/- 25,639","5,925,790","+/- 37,664","971,481","+/- 17,371","2,080,281","+/- 17,473","1,213,229","+/- 18,984",United States2,"964,928","+/- 17,325","7,713,941","+/- 41,502","1,846,115","+/- 22,013","20,501,673","+/- 67,370","7,668,068","+/- 38,536",United States2,"976,036","+/- 15,873","12,414,993","+/- 50,194","3,619,114","+/- 28,420","2,856,761","+/- 26,455","13,428,323","+/- 44,668",United States2,"1,052,785","+/- 16,718","3,889,643","+/- 31,100","1,033,941","+/- 13,158","5,625,247","+/- 37,350","20,571,420","+/- 80,129",United States2,"2,638,445","+/- 22,413","563,014","+/- 10,897","6,251,937","+/- 43,374","4,907,375","+/- 31,356","2,312,726","+/- 19,442",United States2,"5,690,495","+/- 27,367","544,576","+/- 12,994","1,795,234","+/- 31,056","30,874","+/- 4,203","101,248","+/- 5,704",United States2,"13,065","+/- 3,503","66,939","+/- 6,567",471,+/- 396,"47,684,757","+/- 134,492",,
,,,,,,,,,,,,,,,,,,,,,,,,,,,,,,,,,,,,,,,,,,,,,,,,,,,,,,,,,,,,,,,,,,,,,,,,,,,,,,,,,,,,,,,,,,,,,,,,,,,,,,,,,,,,,,,,,,,,,,,,,,,,,,,,,,,
Alabama,"4,874,747",*****,"3,407,382","+/- 20,320","5,430","+/- 1,502","9,000","+/- 2,131","16,533","+/- 2,533",Alabama,"53,374","+/- 4,305","10,149","+/- 1,926","9,236","+/- 2,663","3,173","+/- 1,488","4,464",+/- 895,Alabama,"132,877","+/- 6,760","175,851","+/- 7,833","5,007","+/- 1,390",960,+/- 480,"57,341","+/- 4,477",Alabama,"27,688","+/- 2,866","9,126","+/- 2,086","8,722","+/- 1,489","28,081","+/- 2,930","45,417","+/- 5,016",Alabama,"4,392","+/- 1,299","14,181","+/- 2,620","12,296","+/- 1,925","46,059","+/- 3,712","7,437","+/- 1,521",Alabama,"97,255","+/- 5,135","22,303","+/- 3,037","1,576",+/- 630,"4,435","+/- 1,097","2,500",+/- 937,Alabama,"1,554",+/- 680,"17,081","+/- 2,462","5,423","+/- 1,418","42,854","+/- 3,822","26,666","+/- 2,884",Alabama,"2,166",+/- 812,"48,065","+/- 4,324","14,023","+/- 2,043","3,331","+/- 1,017","35,681","+/- 3,793",Alabama,"1,653",+/- 678,"20,761","+/- 2,753","3,361","+/- 1,220","84,499","+/- 4,953","69,069","+/- 5,683",Alabama,"3,291","+/- 1,462",688,+/- 445,"25,019","+/- 3,273","10,287","+/- 2,114","8,525","+/- 1,739",Alabama,"12,473","+/- 2,220","1,305",+/- 531,"6,313","+/- 1,979",27,+/- 44,"1,635","+/- 1,134",Alabama,205,+/- 287,656,+/- 449,0,+/- 200,"205,891","+/- 7,782",,
Alaska,"739,795",*****,"3,991","+/- 1,338","314,056","+/- 8,570","6,559","+/- 1,252","1,627",+/- 561,Alaska,"43,742","+/- 3,118","10,323","+/- 2,080","1,537",+/- 531,474,+/- 275,"1,148",+/- 699,Alaska,"7,587","+/- 1,361","5,034","+/- 1,345","3,811","+/- 1,093","9,818","+/- 2,942","10,613","+/- 1,740",Alaska,"5,129","+/- 1,256","4,980","+/- 1,353","4,704","+/- 1,242","2,546","+/- 1,060","4,587","+/- 1,142",Alaska,"2,363",+/- 803,"4,230","+/- 1,296","4,222",+/- 908,"12,650","+/- 1,961","12,929","+/- 1,882",Alaska,"1,937",+/- 827,"5,060","+/- 1,204","8,818","+/- 1,596","3,575",+/- 935,"2,726",+/- 865,Alaska,"1,057",+/- 457,"5,739","+/- 1,255","2,847","+/- 1,028","12,572","+/- 1,830","6,461","+/- 1,706",Alaska,"3,112",+/- 916,"9,564","+/- 2,338","4,469","+/- 1,472","18,024","+/- 2,358","10,005","+/- 1,823",Alaska,744,+/- 368,"2,338",+/- 913,"2,793",+/- 719,"5,438","+/- 1,872","18,463","+/- 2,043",Alaska,"5,294","+/- 1,345",898,+/- 441,"5,049","+/- 1,315","31,539","+/- 3,004","1,176",+/- 560,Alaska,"11,258","+/- 2,399","2,463",+/- 885,"2,522","+/- 1,005","2,938","+/- 1,555","1,183",+/- 636,Alaska,187,+/- 240,72,+/- 87,0,+/- 153,"70,814","+/- 4,998",,
Arizona,"7,016,270",*****,"14,021","+/- 1,827","12,983","+/- 2,121","2,784,137","+/- 27,901","20,233","+/- 2,067",Arizona,"652,807","+/- 15,830","87,055","+/- 6,418","26,940","+/- 2,967","4,003","+/- 1,123","9,211","+/- 1,339",Arizona,"39,205","+/- 3,628","22,879","+/- 2,820","16,074","+/- 2,273","31,030","+/- 3,385","257,495","+/- 10,796",Arizona,"79,342","+/- 6,489","83,347","+/- 5,251","49,881","+/- 3,572","19,228","+/- 2,437","19,911","+/- 3,919",Arizona,"14,839","+/- 2,336","23,390","+/- 3,420","48,111","+/- 3,490","159,073","+/- 7,626","91,090","+/- 6,231",Arizona,"12,312","+/- 2,045","58,189","+/- 3,901","24,368","+/- 2,923","41,120","+/- 3,742","28,346","+/- 3,635",Arizona,"6,472","+/- 1,570","65,519","+/- 4,586","76,508","+/- 4,583","192,370","+/- 6,563","23,575","+/- 3,447",Arizona,"27,504","+/- 3,165","142,308","+/- 8,013","38,762","+/- 3,559","51,188","+/- 4,747","100,980","+/- 7,022",Arizona,"9,005","+/- 1,675","10,601","+/- 1,863","24,286","+/- 2,598","20,483","+/- 2,163","146,511","+/- 6,269",Arizona,"76,697","+/- 5,392","4,672","+/- 1,023","29,153","+/- 3,432","88,250","+/- 5,841","12,397","+/- 2,200",Arizona,"92,486","+/- 6,782","18,785","+/- 2,617","11,247","+/- 2,382",156,+/- 148,"3,309","+/- 1,411",Arizona,664,+/- 622,597,+/- 314,0,+/- 208,"1,011,165","+/- 19,839",,
Arkansas,"3,004,279",*****,"15,983","+/- 2,277","4,409","+/- 1,534","14,529","+/- 2,406","1,821,927","+/- 15,268",Arkansas,"107,432","+/- 6,961","12,931","+/- 2,122","2,190",+/- 932,"1,715",+/- 896,"2,020",+/- 705,Arkansas,"20,306","+/- 3,057","18,159","+/- 2,957","2,644",+/- 826,"2,056",+/- 783,"64,821","+/- 4,859",Arkansas,"20,731","+/- 2,317","17,580","+/- 2,069","32,122","+/- 3,619","8,799","+/- 1,547","56,318","+/- 4,504",Arkansas,"2,132",+/- 732,"6,010","+/- 1,446","7,257","+/- 1,800","29,916","+/- 3,317","12,589","+/- 2,030",Arkansas,"37,875","+/- 4,485","82,749","+/- 5,535","1,586",+/- 619,"8,324","+/- 1,640","2,159",+/- 862,Arkansas,988,+/- 572,"6,919","+/- 1,249","7,594","+/- 1,712","16,899","+/- 2,448","9,996","+/- 1,998",Arkansas,"1,835",+/- 703,"18,336","+/- 2,475","63,845","+/- 4,584","7,480","+/- 1,495","15,281","+/- 3,242",Arkansas,"4,298","+/- 1,471","4,580","+/- 1,095","3,599",+/- 948,"61,770","+/- 4,566","158,075","+/- 8,413",Arkansas,"3,709","+/- 1,058",359,+/- 283,"8,283","+/- 1,664","9,683","+/- 1,478","2,594",+/- 890,Arkansas,"13,472","+/- 2,189","2,678",+/- 875,"2,666","+/- 1,618",0,+/- 201,684,+/- 529,Arkansas,133,+/- 217,83,+/- 152,0,+/- 201,"161,171","+/- 6,687",,
California,"39,536,653",*****,"69,927","+/- 4,564","28,487","+/- 2,853","198,430","+/- 8,985","89,517","+/- 5,084",California,"21,966,372","+/- 49,266","166,373","+/- 6,967","92,521","+/- 5,838","15,407","+/- 2,650","46,434","+/- 3,521",California,"153,382","+/- 7,101","86,968","+/- 4,843","130,806","+/- 7,722","59,304","+/- 4,384","448,980","+/- 10,056",California,"130,370","+/- 7,416","111,311","+/- 6,148","94,108","+/- 5,668","45,968","+/- 3,538","131,506","+/- 6,502",California,"33,968","+/- 2,972","85,647","+/- 4,550","185,171","+/- 7,237","275,751","+/- 9,658","135,575","+/- 6,537",California,"66,220","+/- 4,397","143,140","+/- 7,692","39,627","+/- 3,081","72,229","+/- 3,423","99,018","+/- 6,561",California,"20,047","+/- 2,114","194,887","+/- 7,330","81,754","+/- 5,808","611,925","+/- 14,020","80,326","+/- 5,141",California,"36,512","+/- 3,207","266,201","+/- 8,426","123,251","+/- 7,173","163,346","+/- 7,184","281,889","+/- 8,328",California,"28,960","+/- 2,863","35,468","+/- 3,179","37,645","+/- 3,238","70,068","+/- 4,248","468,340","+/- 11,196",California,"93,290","+/- 6,385","10,063","+/- 1,833","113,554","+/- 6,241","236,877","+/- 7,686","27,837","+/- 2,652",California,"123,740","+/- 6,737","23,090","+/- 2,444","38,761","+/- 3,811","6,927","+/- 1,471","23,855","+/- 2,991",California,"1,031",+/- 594,"1,753",+/- 903,244,+/- 338,"11,132,495","+/- 48,174",,
,,,,,,,,,,,,,,,,,,,,,,,,,,,,,,,,,,,,,,,,,,,,,,,,,,,,,,,,,,,,,,,,,,,,,,,,,,,,,,,,,,,,,,,,,,,,,,,,,,,,,,,,,,,,,,,,,,,,,,,,,,,,,,,,,,,
Colorado,"5,607,154",*****,"18,349","+/- 2,423","11,931","+/- 2,152","63,142","+/- 5,278","19,426","+/- 2,440",Colorado,"346,447","+/- 12,082","2,360,222","+/- 24,413","25,276","+/- 2,666","4,389","+/- 1,082","12,020","+/- 1,744",Colorado,"65,472","+/- 4,923","31,029","+/- 3,354","13,785","+/- 2,370","19,070","+/- 2,263","166,499","+/- 7,300",Colorado,"50,164","+/- 4,026","72,014","+/- 4,140","94,477","+/- 5,708","17,736","+/- 2,412","28,485","+/- 2,921",Colorado,"9,871","+/- 1,663","31,989","+/- 3,647","43,176","+/- 4,710","92,018","+/- 5,136","69,618","+/- 4,703",Colorado,"16,433","+/- 3,380","63,690","+/- 4,662","24,744","+/- 2,677","90,260","+/- 4,835","18,811","+/- 2,198",Colorado,"8,783","+/- 1,529","50,002","+/- 3,879","69,015","+/- 5,041","127,137","+/- 6,452","24,278","+/- 2,720",Colorado,"22,862","+/- 2,735","92,482","+/- 4,712","54,467","+/- 4,624","31,857","+/- 3,347","79,449","+/- 4,262",Colorado,"7,020","+/- 1,689","13,761","+/- 2,253","32,686","+/- 3,092","19,425","+/- 2,891","201,238","+/- 8,910",Colorado,"40,745","+/- 3,856","6,921","+/- 2,074","38,062","+/- 3,457","47,344","+/- 4,239","8,560","+/- 1,699",Colorado,"63,374","+/- 5,317","46,465","+/- 3,569","10,054","+/- 1,917",452,+/- 556,"2,933","+/- 1,023",Colorado,30,+/- 36,151,+/- 199,0,+/- 200,"627,058","+/- 13,138",,
Connecticut,"3,588,184",*****,"6,496","+/- 1,368","1,512",+/- 816,"3,955","+/- 1,318","1,627",+/- 535,Connecticut,"30,617","+/- 2,973","5,401","+/- 1,086","1,944,602","+/- 17,728","3,307",+/- 860,"7,052","+/- 1,464",Connecticut,"24,094","+/- 3,101","11,369","+/- 1,609","2,561","+/- 1,048",694,+/- 434,"24,823","+/- 2,659",Connecticut,"6,488","+/- 1,234","3,699","+/- 1,097","2,705",+/- 873,"3,826",+/- 852,"4,323","+/- 1,076",Connecticut,"19,767","+/- 2,267","12,378","+/- 2,062","139,497","+/- 7,220","18,762","+/- 2,225","5,711","+/- 1,324",Connecticut,"3,484","+/- 1,085","6,635","+/- 1,587",991,+/- 565,"2,485",+/- 812,"1,563",+/- 858,Connecticut,"12,182","+/- 2,166","54,394","+/- 4,200","3,074","+/- 1,374","339,039","+/- 9,598","16,712","+/- 2,417",Connecticut,"1,234",+/- 625,"21,673","+/- 2,467","3,044","+/- 1,187","2,230",+/- 714,"49,684","+/- 3,463",Connecticut,"39,914","+/- 3,084","13,198","+/- 2,384",714,+/- 382,"5,245","+/- 1,346","16,832","+/- 2,979",Connecticut,"2,381","+/- 1,017","10,191","+/- 1,338","16,908","+/- 2,400","7,126","+/- 1,556","3,039",+/- 692,Connecticut,"6,747","+/- 1,434",338,+/- 272,"96,978","+/- 6,107",161,+/- 263,124,+/- 156,Connecticut,0,+/- 207,"1,149",+/- 661,0,+/- 207,"563,449","+/- 12,050",,
Delaware,"961,939",*****,"1,800",+/- 683,365,+/- 188,"1,276",+/- 588,429,+/- 327,Delaware,"8,298","+/- 1,950","1,044",+/- 481,"5,576","+/- 1,454","415,536","+/- 10,605","7,252","+/- 1,652",Delaware,"7,287","+/- 1,313","4,738","+/- 1,003",997,+/- 564,296,+/- 241,"5,249","+/- 1,157",Delaware,"3,212",+/- 927,833,+/- 361,556,+/- 355,"1,523",+/- 557,"1,819",+/- 882,Delaware,"1,210",+/- 470,"68,104","+/- 5,261","6,329","+/- 1,261","6,119","+/- 2,048",912,+/- 411,Delaware,477,+/- 272,"2,292",+/- 812,343,+/- 229,544,+/- 310,242,+/- 221,Delaware,"1,156",+/- 489,"48,617","+/- 4,249",572,+/- 423,"52,252","+/- 5,389","10,370","+/- 2,278",Delaware,410,+/- 314,"7,633","+/- 1,719","1,315",+/- 494,549,+/- 507,"130,130","+/- 7,452",Delaware,"1,290",+/- 539,"4,436","+/- 1,553",191,+/- 265,"4,859","+/- 2,026","5,474","+/- 1,515",Delaware,823,+/- 547,692,+/- 386,"14,546","+/- 2,071","1,704",+/- 664,"5,179","+/- 1,217",Delaware,"1,481",+/- 718,0,+/- 198,"8,185","+/- 2,043",0,+/- 198,0,+/- 198,Delaware,231,+/- 351,504,+/- 560,0,+/- 198,"104,682","+/- 6,349",,
District of Columbia ,"693,972",*****,"3,328","+/- 1,005",281,+/- 253,"2,082",+/- 724,"1,377",+/- 573,District of Columbia ,"20,990","+/- 2,047","1,775",+/- 731,"6,869","+/- 1,689","1,184",+/- 536,"259,366","+/- 8,016",District of Columbia ,"8,804","+/- 1,627","6,771","+/- 1,428",834,+/- 461,441,+/- 407,"10,737","+/- 1,681",District of Columbia ,"4,876",+/- 982,"2,115",+/- 705,"1,867",+/- 877,"1,838",+/- 541,"3,880","+/- 1,255",District of Columbia ,761,+/- 346,"37,236","+/- 3,655","12,179","+/- 1,584","8,353","+/- 1,408","3,367",+/- 953,District of Columbia ,"2,193",+/- 622,"3,860",+/- 942,528,+/- 433,"1,172",+/- 481,216,+/- 215,District of Columbia ,"1,310",+/- 507,"14,709","+/- 1,756","1,006",+/- 600,"35,983","+/- 3,535","14,387","+/- 2,186",District of Columbia ,616,+/- 385,"10,484","+/- 1,809","1,979",+/- 721,987,+/- 458,"20,117","+/- 2,083",District of Columbia ,"2,014",+/- 736,"10,806","+/- 1,875",380,+/- 288,"3,227",+/- 791,"9,825","+/- 1,711",District of Columbia ,"1,781",+/- 799,975,+/- 576,"28,538","+/- 3,003","3,274",+/- 989,"2,666",+/- 779,District of Columbia ,"2,282",+/- 690,352,+/- 279,"2,458",+/- 831,0,+/- 208,31,+/- 73,District of Columbia ,0,+/- 208,238,+/- 204,0,+/- 208,"114,267","+/- 6,524",,
Florida,"20,984,400",*****,"206,911","+/- 8,359","13,341","+/- 2,275","36,487","+/- 4,197","44,609","+/- 4,496",Florida,"288,555","+/- 11,890","55,765","+/- 5,221","187,736","+/- 8,811","33,397","+/- 5,194","63,410","+/- 4,773",Florida,"7,546,073","+/- 47,932","361,030","+/- 12,233","25,570","+/- 3,048","10,231","+/- 1,906","465,381","+/- 16,335",Florida,"240,127","+/- 10,829","71,237","+/- 4,578","42,527","+/- 4,061","134,877","+/- 8,138","83,731","+/- 6,924",Florida,"59,399","+/- 6,158","157,827","+/- 8,857","362,600","+/- 12,114","422,142","+/- 13,288","83,060","+/- 5,715",Florida,"79,498","+/- 6,557","114,574","+/- 7,535","7,963","+/- 1,378","30,709","+/- 4,256","17,404","+/- 2,958",Florida,"52,519","+/- 4,384","519,478","+/- 15,322","23,421","+/- 3,506","1,594,570","+/- 29,275","165,096","+/- 8,114",Florida,"16,636","+/- 2,781","511,272","+/- 13,935","54,456","+/- 5,546","24,592","+/- 4,458","567,121","+/- 16,151",Florida,"69,965","+/- 5,354","97,537","+/- 6,320","12,575","+/- 2,309","136,122","+/- 8,653","208,609","+/- 9,587",Florida,"18,875","+/- 3,195","27,000","+/- 3,238","192,809","+/- 9,922","54,442","+/- 4,578","97,353","+/- 5,963",Florida,"118,800","+/- 7,801","6,896","+/- 1,643","495,435","+/- 21,129","1,542","+/- 1,247","4,872","+/- 1,494",Florida,106,+/- 124,"20,192","+/- 4,307",48,+/- 84,"4,645,890","+/- 36,235",,
,,,,,,,,,,,,,,,,,,,,,,,,,,,,,,,,,,,,,,,,,,,,,,,,,,,,,,,,,,,,,,,,,,,,,,,,,,,,,,,,,,,,,,,,,,,,,,,,,,,,,,,,,,,,,,,,,,,,,,,,,,,,,,,,,,,
Georgia,"10,429,379",*****,"233,828","+/- 10,244","9,295","+/- 1,968","19,702","+/- 3,232","29,202","+/- 3,605",Georgia,"178,204","+/- 11,063","26,259","+/- 3,322","38,078","+/- 4,099","12,129","+/- 2,979","22,593","+/- 3,135",Georgia,"401,831","+/- 13,474","5,751,677","+/- 39,740","14,081","+/- 3,251","4,242","+/- 1,251","161,686","+/- 8,446",Georgia,"74,462","+/- 6,722","20,704","+/- 3,239","22,740","+/- 3,000","58,497","+/- 4,776","90,925","+/- 6,673",Georgia,"10,087","+/- 1,863","48,100","+/- 4,230","60,202","+/- 6,530","123,029","+/- 8,053","23,339","+/- 3,265",Georgia,"69,977","+/- 6,086","47,582","+/- 4,113","5,225","+/- 1,394","12,256","+/- 2,355","5,036","+/- 1,465",Georgia,"7,761","+/- 1,484","121,449","+/- 7,995","11,231","+/- 2,350","309,020","+/- 12,905","158,212","+/- 8,816",Georgia,"5,605","+/- 1,651","159,653","+/- 8,970","24,998","+/- 3,813","11,215","+/- 2,461","128,888","+/- 7,774",Georgia,"9,991","+/- 1,777","145,130","+/- 8,425","4,709","+/- 1,342","198,296","+/- 9,100","136,016","+/- 10,264",Georgia,"8,682","+/- 1,877","3,727","+/- 1,222","111,950","+/- 7,842","26,141","+/- 3,117","28,854","+/- 3,008",Georgia,"35,490","+/- 4,232","1,860",+/- 685,"30,938","+/- 3,683",65,+/- 73,"1,272",+/- 628,Georgia,226,+/- 263,"5,477","+/- 1,999",0,+/- 224,"1,167,555","+/- 20,397",,
Hawaii,"1,427,538",*****,"3,487","+/- 1,133","3,505","+/- 1,370","7,593","+/- 1,485","1,726",+/- 867,Hawaii,"91,164","+/- 5,321","7,859","+/- 1,555","3,308",+/- 741,"1,026",+/- 526,"2,108",+/- 708,Hawaii,"10,702","+/- 1,487","7,353","+/- 1,548","757,188","+/- 11,544","2,867",+/- 974,"13,774","+/- 2,067",Hawaii,"6,049","+/- 1,596","4,090","+/- 1,134","4,274","+/- 1,652","2,881",+/- 948,"2,671",+/- 869,Hawaii,"1,538",+/- 630,"5,222","+/- 1,108","7,067","+/- 1,450","10,990","+/- 1,638","6,835","+/- 1,643",Hawaii,"2,125","+/- 1,159","6,198","+/- 1,360","1,579",+/- 840,"1,663",+/- 497,"2,572",+/- 895,Hawaii,"1,346",+/- 597,"7,981","+/- 1,389","3,236","+/- 1,078","17,070","+/- 1,984","7,437","+/- 1,467",Hawaii,547,+/- 282,"10,984","+/- 1,750","3,095","+/- 1,199","9,014","+/- 2,124","13,094","+/- 2,630",Hawaii,"1,407",+/- 660,"2,877",+/- 964,"1,306",+/- 784,"2,245",+/- 696,"20,788","+/- 2,413",Hawaii,"4,395","+/- 1,288",450,+/- 322,"7,874","+/- 1,557","17,044","+/- 2,103","1,449",+/- 613,Hawaii,"5,410","+/- 1,265",751,+/- 442,"2,346",+/- 926,"5,492","+/- 1,419","4,931","+/- 1,232",Hawaii,453,+/- 339,81,+/- 115,58,+/- 94,"294,963","+/- 10,784",,
Idaho,"1,716,943",*****,"2,612",+/- 881,"7,320","+/- 1,799","20,632","+/- 3,929","3,096",+/- 820,Idaho,"201,366","+/- 11,041","19,800","+/- 3,071","4,198","+/- 1,240",244,+/- 254,"1,374",+/- 521,Idaho,"11,208","+/- 2,780","3,817","+/- 1,166","4,402","+/- 1,440","817,962","+/- 10,490","17,988","+/- 3,246",Idaho,"5,318","+/- 1,174","9,908","+/- 1,922","9,097","+/- 1,696","3,235",+/- 914,"3,875","+/- 1,282",Idaho,"1,945",+/- 794,"2,770",+/- 902,"4,271","+/- 1,192","12,060","+/- 2,136","10,816","+/- 1,953",Idaho,"1,278",+/- 640,"9,603","+/- 1,764","25,722","+/- 3,206","10,156","+/- 1,512","14,074","+/- 2,872",Idaho,"1,862",+/- 890,"6,179","+/- 1,320","4,689","+/- 1,076","12,913","+/- 1,778","5,342","+/- 1,380",Idaho,"5,027","+/- 1,153","13,163","+/- 2,084","8,307","+/- 1,801","58,732","+/- 4,828","12,505","+/- 1,906",Idaho,"1,246",+/- 653,"2,010",+/- 753,"6,143","+/- 1,614","4,450","+/- 1,322","26,296","+/- 3,617",Idaho,"72,932","+/- 4,258",796,+/- 419,"5,657","+/- 1,480","85,562","+/- 5,871","1,597",+/- 785,Idaho,"9,066","+/- 1,805","14,310","+/- 2,432",489,+/- 346,0,+/- 201,238,+/- 199,Idaho,628,+/- 671,0,+/- 201,0,+/- 201,"116,657","+/- 7,617",,
Illinois,"12,802,023",*****,"39,554","+/- 3,545","4,991","+/- 1,418","24,507","+/- 3,099","44,688","+/- 3,633",Illinois,"139,491","+/- 7,272","28,606","+/- 2,837","17,873","+/- 2,189","3,759",+/- 993,"9,157","+/- 1,203",Illinois,"52,512","+/- 3,714","37,333","+/- 3,141","6,324","+/- 1,750","11,752","+/- 2,344","8,570,225","+/- 29,092",Illinois,"185,368","+/- 7,155","137,069","+/- 6,769","24,968","+/- 2,615","50,903","+/- 3,407","25,102","+/- 2,335",Illinois,"8,311","+/- 2,048","19,771","+/- 2,079","32,244","+/- 3,457","142,244","+/- 5,759","53,826","+/- 3,831",Illinois,"107,457","+/- 6,045","212,310","+/- 8,135","5,306","+/- 1,250","22,451","+/- 2,827","7,283","+/- 1,813",Illinois,"4,651","+/- 1,153","36,929","+/- 3,091","11,797","+/- 2,217","101,709","+/- 5,120","28,389","+/- 2,721",Illinois,"7,861","+/- 1,489","107,626","+/- 5,086","17,348","+/- 2,039","9,237","+/- 1,780","65,537","+/- 3,901",Illinois,"4,729","+/- 1,002","12,254","+/- 2,206","7,352","+/- 1,140","49,602","+/- 3,889","97,289","+/- 5,526",Illinois,"6,125","+/- 1,135","1,587",+/- 575,"30,617","+/- 2,602","16,841","+/- 2,063","10,497","+/- 1,767",Illinois,"164,516","+/- 7,316","3,910","+/- 1,046","52,141","+/- 4,608",92,+/- 108,"1,383",+/- 627,Illinois,0,+/- 190,641,+/- 395,0,+/- 190,"1,925,978","+/- 20,377",,
Indiana,"6,666,818",*****,"23,380","+/- 2,835","2,741",+/- 811,"13,936","+/- 2,294","16,694","+/- 2,128",Indiana,"85,632","+/- 5,562","15,236","+/- 2,583","6,636","+/- 1,617","1,460",+/- 531,"4,325",+/- 817,Indiana,"40,308","+/- 3,523","24,747","+/- 3,602","5,086","+/- 1,420","3,339","+/- 1,025","383,004","+/- 11,979",Indiana,"4,532,145","+/- 23,827","23,296","+/- 2,488","15,403","+/- 2,324","206,736","+/- 8,582","13,717","+/- 2,606",Indiana,"4,433","+/- 1,056","12,573","+/- 1,890","13,671","+/- 1,686","129,130","+/- 8,007","16,481","+/- 2,281",Indiana,"28,798","+/- 3,571","39,813","+/- 3,530","2,351",+/- 679,"8,986","+/- 1,436","3,501",+/- 965,Indiana,"2,717",+/- 830,"20,271","+/- 2,707","6,486","+/- 1,511","54,097","+/- 3,911","18,756","+/- 2,176",Indiana,"4,168","+/- 1,280","198,222","+/- 8,737","11,944","+/- 1,857","5,211","+/- 1,398","47,970","+/- 3,964",Indiana,"2,826",+/- 677,"7,101","+/- 1,345","4,795","+/- 1,128","47,106","+/- 4,366","61,139","+/- 4,424",Indiana,"7,400","+/- 1,840","1,352",+/- 680,"25,928","+/- 2,807","11,897","+/- 2,057","19,145","+/- 2,785",Indiana,"32,099","+/- 3,274","2,538",+/- 895,"11,328","+/- 2,877",0,+/- 197,375,+/- 330,Indiana,0,+/- 197,277,+/- 244,0,+/- 197,"384,112","+/- 11,286",,
,,,,,,,,,,,,,,,,,,,,,,,,,,,,,,,,,,,,,,,,,,,,,,,,,,,,,,,,,,,,,,,,,,,,,,,,,,,,,,,,,,,,,,,,,,,,,,,,,,,,,,,,,,,,,,,,,,,,,,,,,,,,,,,,,,,
Iowa,"3,145,711",*****,"3,488",+/- 667,"1,300",+/- 560,"12,197","+/- 2,018","5,645","+/- 1,138",Iowa,"53,674","+/- 4,486","14,362","+/- 2,239","2,684",+/- 776,"1,884",+/- 895,"1,196",+/- 472,Iowa,"12,269","+/- 1,896","7,457","+/- 1,690","3,143","+/- 1,027","2,750",+/- 692,"133,380","+/- 6,460",Iowa,"17,056","+/- 2,271","2,209,278","+/- 14,530","18,761","+/- 1,897","5,312","+/- 1,154","5,623","+/- 1,588",Iowa,"2,108",+/- 826,"3,014",+/- 735,"5,673","+/- 1,236","17,675","+/- 2,267","66,944","+/- 4,650",Iowa,"4,715","+/- 1,045","39,572","+/- 2,774","3,533",+/- 748,"87,595","+/- 4,309","4,064","+/- 1,204",Iowa,350,+/- 233,"5,479","+/- 1,326","2,856",+/- 739,"11,782","+/- 1,922","6,403","+/- 1,353",Iowa,"7,099","+/- 1,138","15,064","+/- 1,939","9,475","+/- 1,372","3,992",+/- 895,"12,912","+/- 2,187",Iowa,"1,145",+/- 547,"3,147",+/- 804,"31,553","+/- 3,797","6,203","+/- 1,117","26,632","+/- 2,463",Iowa,"4,964","+/- 1,324",796,+/- 539,"8,631","+/- 1,678","8,127","+/- 1,697","1,776",+/- 569,Iowa,"42,705","+/- 3,144","2,394",+/- 671,"1,391",+/- 532,0,+/- 163,737,+/- 356,Iowa,0,+/- 163,43,+/- 57,0,+/- 163,"183,703","+/- 7,087",,
Kansas,"2,913,123",*****,"7,395","+/- 1,426","3,549","+/- 1,094","11,970","+/- 1,744","19,757","+/- 2,455",Kansas,"76,102","+/- 5,447","40,117","+/- 3,567","3,791","+/- 1,130","1,689","+/- 1,170","2,342",+/- 712,Kansas,"17,460","+/- 2,708","10,373","+/- 1,781","3,463",+/- 945,"2,208",+/- 681,"41,683","+/- 3,439",Kansas,"14,307","+/- 1,868","35,610","+/- 3,185","1,734,866","+/- 13,986","7,897","+/- 1,748","10,691","+/- 1,557",Kansas,"4,293","+/- 1,211","6,917","+/- 1,542","6,870","+/- 1,492","17,586","+/- 2,377","13,453","+/- 1,717",Kansas,"7,760","+/- 1,533","230,635","+/- 8,130","3,612",+/- 850,"51,476","+/- 3,971","3,738","+/- 1,014",Kansas,"1,157",+/- 517,"9,697","+/- 1,820","10,258","+/- 1,863","21,989","+/- 2,891","10,030","+/- 1,982",Kansas,"3,773",+/- 831,"19,368","+/- 2,665","65,338","+/- 3,864","5,877","+/- 1,194","14,119","+/- 2,240",Kansas,800,+/- 383,"4,424","+/- 1,210","7,542","+/- 1,338","10,032","+/- 1,582","63,118","+/- 4,800",Kansas,"7,467","+/- 2,472",711,+/- 436,"11,570","+/- 1,978","10,888","+/- 1,691","2,338",+/- 717,Kansas,"11,997","+/- 1,608","2,868",+/- 826,"3,419","+/- 1,282",296,+/- 475,749,+/- 499,Kansas,0,+/- 177,12,+/- 26,0,+/- 177,"221,676","+/- 6,903",,
Kentucky,"4,454,189",*****,"19,375","+/- 2,325","3,955",+/- 983,"7,030","+/- 1,595","8,749","+/- 1,459",Kentucky,"50,915","+/- 4,052","8,049","+/- 1,566","4,692","+/- 1,112","1,867",+/- 798,"3,099",+/- 876,Kentucky,"41,104","+/- 3,631","24,196","+/- 2,530","4,651","+/- 1,226","1,206",+/- 515,"82,320","+/- 6,339",Kentucky,"131,517","+/- 6,929","7,122","+/- 1,289","9,433","+/- 1,390","3,083,978","+/- 20,973","9,991","+/- 1,517",Kentucky,"3,142",+/- 942,"11,536","+/- 2,005","8,806","+/- 1,348","54,452","+/- 4,302","8,574","+/- 2,193",Kentucky,"11,297","+/- 1,968","23,995","+/- 2,625","1,080",+/- 486,"2,980",+/- 801,"2,492",+/- 959,Kentucky,"1,619",+/- 687,"15,124","+/- 1,902","3,777","+/- 1,064","43,971","+/- 4,324","20,239","+/- 2,404",Kentucky,"1,967",+/- 775,"235,368","+/- 6,959","11,550","+/- 2,403","2,656",+/- 821,"31,218","+/- 3,934",Kentucky,"2,691","+/- 1,033","14,055","+/- 2,239","2,359","+/- 1,032","93,812","+/- 5,951","38,583","+/- 3,530",Kentucky,"2,882",+/- 862,"1,246",+/- 649,"29,792","+/- 2,825","9,231","+/- 1,749","42,620","+/- 4,062",Kentucky,"13,804","+/- 2,183","2,122",+/- 815,"5,008","+/- 1,560",0,+/- 195,475,+/- 459,Kentucky,0,+/- 195,138,+/- 177,0,+/- 195,"196,279","+/- 8,493",,
Louisiana,"4,684,333",*****,"29,629","+/- 3,134","4,181","+/- 1,309","5,887","+/- 1,561","34,265","+/- 3,900",Louisiana,"57,963","+/- 5,418","7,652","+/- 1,831","4,665","+/- 1,592","2,029",+/- 952,"3,482","+/- 1,037",Louisiana,"35,851","+/- 3,670","24,091","+/- 3,211","2,952",+/- 949,"1,761",+/- 731,"30,758","+/- 3,598",Louisiana,"11,575","+/- 2,110","6,107","+/- 1,524","8,593","+/- 1,527","8,810","+/- 2,022","3,669,092","+/- 18,355",Louisiana,"2,700",+/- 865,"10,435","+/- 1,815","8,155","+/- 1,446","16,835","+/- 2,434","5,246","+/- 1,268",Louisiana,"101,101","+/- 7,192","15,602","+/- 2,342","1,569",+/- 715,"2,150",+/- 664,"2,416",+/- 815,Louisiana,"1,311",+/- 602,"11,695","+/- 2,216","5,702","+/- 1,479","31,437","+/- 3,149","16,568","+/- 3,598",Louisiana,"1,976",+/- 753,"17,949","+/- 2,481","15,560","+/- 2,243","3,277",+/- 895,"15,794","+/- 2,161",Louisiana,"1,586",+/- 720,"8,422","+/- 1,853","4,660","+/- 1,446","19,436","+/- 2,818","147,182","+/- 8,089",Louisiana,"3,836","+/- 1,354",335,+/- 236,"18,884","+/- 2,553","5,566","+/- 1,125","3,290",+/- 974,Louisiana,"8,619","+/- 1,646","1,489",+/- 836,"6,774","+/- 2,070",27,+/- 46,284,+/- 324,Louisiana,27,+/- 49,"1,009",+/- 728,0,+/- 214,"216,086","+/- 8,523",,
Maine,"1,335,907",*****,"1,666",+/- 799,"1,520",+/- 691,"2,898","+/- 1,061",665,+/- 422,Maine,"15,611","+/- 2,183","2,942",+/- 825,"34,949","+/- 3,056","1,389",+/- 650,"3,238",+/- 847,Maine,"9,176","+/- 1,581","3,307",+/- 798,886,+/- 399,336,+/- 252,"6,244","+/- 1,122",Maine,"3,383",+/- 889,"1,985",+/- 628,"1,475",+/- 437,"1,365",+/- 576,"2,432",+/- 798,Maine,"848,403","+/- 9,392","5,491","+/- 1,266","107,100","+/- 5,537","5,708","+/- 1,133","3,755",+/- 937,Maine,"1,571",+/- 731,"2,416",+/- 938,820,+/- 409,"1,179",+/- 488,785,+/- 445,Maine,"41,329","+/- 3,203","23,984","+/- 2,264",959,+/- 458,"47,332","+/- 3,368","6,194","+/- 1,478",Maine,510,+/- 294,"10,212","+/- 1,417","1,986",+/- 644,"1,865",+/- 574,"19,223","+/- 2,203",Maine,"10,847","+/- 1,712","1,622",+/- 531,441,+/- 256,"2,571",+/- 852,"8,869","+/- 1,486",Maine,"1,350",+/- 725,"7,430","+/- 1,302","6,237","+/- 1,456","3,628","+/- 1,000","1,395",+/- 523,Maine,"3,977","+/- 1,054",260,+/- 182,846,+/- 679,0,+/- 175,159,+/- 183,Maine,185,+/- 276,10,+/- 21,0,+/- 175,"59,791","+/- 3,898",,
,,,,,,,,,,,,,,,,,,,,,,,,,,,,,,,,,,,,,,,,,,,,,,,,,,,,,,,,,,,,,,,,,,,,,,,,,,,,,,,,,,,,,,,,,,,,,,,,,,,,,,,,,,,,,,,,,,,,,,,,,,,,,,,,,,,
Maryland,"6,052,177",*****,"17,351","+/- 2,204","3,632",+/- 927,"11,007","+/- 2,016","6,446","+/- 1,608",Maryland,"77,831","+/- 4,555","13,989","+/- 2,247","29,207","+/- 2,358","43,660","+/- 3,567","510,813","+/- 15,217",Maryland,"51,555","+/- 3,910","31,287","+/- 3,319","9,006","+/- 1,773","1,787",+/- 713,"48,961","+/- 3,928",Maryland,"17,435","+/- 2,221","8,653","+/- 1,232","8,989","+/- 1,537","13,957","+/- 2,221","15,352","+/- 1,960",Maryland,"9,306","+/- 1,697","2,853,910","+/- 22,044","45,766","+/- 3,374","35,345","+/- 3,437","12,665","+/- 1,806",Maryland,"9,139","+/- 1,762","14,993","+/- 1,881","2,557",+/- 770,"6,079","+/- 1,204","2,084",+/- 877,Maryland,"5,738","+/- 1,114","117,023","+/- 7,605","7,049","+/- 2,053","226,982","+/- 8,253","84,036","+/- 4,647",Maryland,"3,318",+/- 805,"58,275","+/- 4,569","9,093","+/- 1,708","6,078","+/- 1,311","233,507","+/- 8,019",Maryland,"7,918","+/- 1,315","38,651","+/- 3,668","1,868",+/- 580,"15,081","+/- 2,129","46,946","+/- 4,102",Maryland,"5,587","+/- 1,395","1,957",+/- 600,"176,643","+/- 8,536","15,967","+/- 1,913","43,522","+/- 3,073",Maryland,"13,951","+/- 1,847","2,056",+/- 711,"15,949","+/- 2,813",33,+/- 54,"1,181",+/- 535,Maryland,162,+/- 147,"2,608",+/- 903,0,+/- 203,"998,236","+/- 18,111",,
Massachusetts,"6,859,819",*****,"10,308","+/- 1,755","2,795","+/- 1,036","7,345","+/- 1,630","2,854","+/- 1,296",Massachusetts,"81,112","+/- 4,749","10,702","+/- 1,847","130,100","+/- 5,891","8,156","+/- 2,034","15,885","+/- 2,101",Massachusetts,"41,199","+/- 3,542","17,050","+/- 2,089","3,989","+/- 1,131","1,895",+/- 655,"42,343","+/- 3,927",Massachusetts,"14,281","+/- 1,978","7,234","+/- 1,475","4,811",+/- 931,"5,735","+/- 1,150","7,989","+/- 1,583",Massachusetts,"41,843","+/- 3,657","20,773","+/- 2,693","4,125,994","+/- 25,623","31,478","+/- 3,136","11,808","+/- 2,057",Massachusetts,"4,656","+/- 1,168","13,044","+/- 2,029","2,161",+/- 824,"4,256","+/- 1,175","2,981",+/- 931,Massachusetts,"65,291","+/- 4,259","82,106","+/- 4,214","4,050","+/- 1,182","290,596","+/- 8,752","20,757","+/- 2,490",Massachusetts,"1,833",+/- 787,"37,933","+/- 3,756","3,989",+/- 982,"6,662","+/- 1,652","74,902","+/- 4,183",Massachusetts,"101,251","+/- 6,943","9,483","+/- 1,791","1,741",+/- 663,"7,522","+/- 1,327","29,865","+/- 3,340",Massachusetts,"3,661","+/- 1,033","23,764","+/- 2,041","28,143","+/- 2,786","11,238","+/- 1,949","4,521","+/- 1,212",Massachusetts,"12,961","+/- 1,946",840,+/- 367,"127,450","+/- 8,532",0,+/- 210,491,+/- 276,Massachusetts,40,+/- 69,"1,836",+/- 753,0,+/- 210,"1,232,116","+/- 19,751",,
Michigan,"9,962,311",*****,"49,703","+/- 3,336","5,656","+/- 1,002","17,814","+/- 1,989","29,801","+/- 2,644",Michigan,"92,784","+/- 5,234","19,948","+/- 1,979","10,920","+/- 1,431","2,714",+/- 766,"7,813","+/- 1,363",Michigan,"55,534","+/- 3,828","32,523","+/- 2,693","4,787",+/- 937,"3,856",+/- 998,"168,176","+/- 7,593",Michigan,"127,356","+/- 5,382","22,820","+/- 2,646","15,126","+/- 1,807","44,992","+/- 3,272","19,558","+/- 2,556",Michigan,"6,352","+/- 1,390","15,261","+/- 1,793","23,097","+/- 2,208","7,581,345","+/- 23,204","26,237","+/- 2,629",Michigan,"48,785","+/- 3,780","35,029","+/- 3,063","4,280",+/- 925,"7,907","+/- 1,212","5,744","+/- 1,303",Michigan,"3,534",+/- 819,"28,961","+/- 3,039","6,271","+/- 1,357","69,766","+/- 3,744","25,751","+/- 3,034",Michigan,"6,402","+/- 1,208","196,945","+/- 7,454","11,022","+/- 1,570","6,002","+/- 1,224","61,801","+/- 4,031",Michigan,"3,637",+/- 803,"15,654","+/- 2,137","4,531","+/- 1,045","42,100","+/- 3,275","73,309","+/- 4,381",Michigan,"5,794","+/- 1,307","2,207",+/- 720,"32,246","+/- 3,142","14,948","+/- 2,090","22,861","+/- 2,269",Michigan,"60,461","+/- 3,966","1,998",+/- 584,"13,045","+/- 2,425",34,+/- 62,"1,251",+/- 554,Michigan,0,+/- 170,251,+/- 222,0,+/- 170,"765,611","+/- 17,068",,
Minnesota,"5,576,606",*****,"6,364","+/- 1,179","3,978",+/- 868,"12,414","+/- 1,799","5,592","+/- 1,389",Minnesota,"91,026","+/- 6,120","19,218","+/- 1,942","5,887","+/- 1,067","1,779",+/- 769,"3,219",+/- 781,Minnesota,"15,568","+/- 2,054","11,584","+/- 2,226","3,405",+/- 923,"4,199","+/- 1,013","128,476","+/- 6,349",Minnesota,"27,656","+/- 2,905","120,322","+/- 5,746","15,077","+/- 1,848","4,933","+/- 1,031","7,510","+/- 1,635",Minnesota,"2,301",+/- 684,"8,729","+/- 1,666","11,730","+/- 1,773","52,662","+/- 3,719","3,759,056","+/- 13,993",Minnesota,"7,045","+/- 1,169","27,894","+/- 2,396","9,648","+/- 1,198","27,565","+/- 2,873","4,288","+/- 1,045",Minnesota,"2,750",+/- 709,"12,914","+/- 1,864","4,160","+/- 1,067","38,921","+/- 2,999","9,783","+/- 1,437",Minnesota,"138,281","+/- 5,882","32,711","+/- 2,794","6,939","+/- 1,191","8,095","+/- 1,251","21,322","+/- 2,339",Minnesota,"2,119",+/- 667,"3,560",+/- 811,"65,164","+/- 3,195","10,740","+/- 1,981","47,950","+/- 3,468",Minnesota,"5,220","+/- 1,255","1,011",+/- 319,"10,035","+/- 1,550","21,060","+/- 2,273","2,548",+/- 891,Minnesota,"199,279","+/- 6,142","5,700","+/- 1,212","3,500","+/- 1,188",80,+/- 116,459,+/- 230,Minnesota,0,+/- 153,128,+/- 109,0,+/- 153,"523,052","+/- 10,326",,
Mississippi,"2,984,100",*****,"68,406","+/- 5,075",642,+/- 390,"4,263","+/- 1,074","28,798","+/- 3,728",Mississippi,"33,929","+/- 4,139","5,474","+/- 1,145","2,658",+/- 882,"1,347",+/- 647,"1,770",+/- 900,Mississippi,"30,848","+/- 4,047","28,492","+/- 3,651","2,484","+/- 1,019",760,+/- 416,"44,258","+/- 4,869",Mississippi,"10,507","+/- 2,006","4,806","+/- 1,137","6,583","+/- 1,429","9,430","+/- 1,563","121,714","+/- 7,358",Mississippi,"1,530",+/- 728,"2,960","+/- 1,066","4,404","+/- 1,133","17,400","+/- 2,635","3,927","+/- 1,171",Mississippi,"2,148,691","+/- 14,794","14,559","+/- 2,007","1,286",+/- 842,"4,123","+/- 1,953","1,763",+/- 815,Mississippi,"2,152","+/- 1,167","6,124","+/- 1,283","2,426",+/- 831,"17,409","+/- 2,955","10,635","+/- 1,756",Mississippi,830,+/- 483,"14,046","+/- 2,696","8,795","+/- 1,797","1,244",+/- 521,"9,254","+/- 2,080",Mississippi,"1,177",+/- 565,"7,615","+/- 1,817",772,+/- 513,"142,120","+/- 6,581","40,284","+/- 4,193",Mississippi,"1,817",+/- 801,669,+/- 466,"10,695","+/- 1,921","5,042","+/- 1,404","2,365",+/- 665,Mississippi,"7,012","+/- 2,052",722,+/- 356,"3,053","+/- 1,808",0,+/- 217,361,+/- 452,Mississippi,0,+/- 217,0,+/- 217,0,+/- 217,"79,669","+/- 5,419",,
,,,,,,,,,,,,,,,,,,,,,,,,,,,,,,,,,,,,,,,,,,,,,,,,,,,,,,,,,,,,,,,,,,,,,,,,,,,,,,,,,,,,,,,,,,,,,,,,,,,,,,,,,,,,,,,,,,,,,,,,,,,,,,,,,,,
Missouri,"6,113,532",*****,"16,735","+/- 2,400","6,114","+/- 1,272","21,849","+/- 2,696","91,943","+/- 5,771",Missouri,"152,464","+/- 7,854","34,091","+/- 2,870","6,519","+/- 1,283","2,797",+/- 900,"5,871","+/- 1,410",Missouri,"36,592","+/- 3,134","20,453","+/- 2,247","6,744","+/- 2,566","6,495","+/- 1,455","264,900","+/- 9,917",Missouri,"45,075","+/- 3,671","93,444","+/- 5,317","214,815","+/- 7,535","23,171","+/- 2,578","21,844","+/- 2,798",Missouri,"2,827","+/- 1,178","10,773","+/- 1,618","13,713","+/- 1,923","47,652","+/- 4,088","27,808","+/- 2,920",Missouri,"35,184","+/- 2,929","4,037,657","+/- 24,793","4,712","+/- 1,201","43,024","+/- 3,992","7,267","+/- 2,095",Missouri,"1,885",+/- 627,"19,175","+/- 2,627","11,628","+/- 1,874","42,738","+/- 3,960","19,342","+/- 2,877",Missouri,"5,255","+/- 1,154","48,061","+/- 3,597","62,439","+/- 3,695","12,713","+/- 1,847","33,333","+/- 4,134",Missouri,"3,177",+/- 914,"9,447","+/- 1,869","10,721","+/- 1,687","33,439","+/- 3,113","101,302","+/- 5,529",Missouri,"9,175","+/- 2,225","2,258",+/- 754,"19,188","+/- 2,465","22,131","+/- 2,982","5,114","+/- 1,095",Missouri,"29,718","+/- 3,682","4,862","+/- 1,089","5,335","+/- 1,760",40,+/- 67,610,+/- 357,Missouri,378,+/- 656,111,+/- 105,0,+/- 190,"297,424","+/- 11,011",,
Montana,"1,050,493",*****,"1,266",+/- 494,"3,588",+/- 944,"9,294","+/- 1,883","2,770",+/- 974,Montana,"67,265","+/- 4,469","17,948","+/- 1,823","2,317",+/- 843,368,+/- 253,"1,439",+/- 585,Montana,"7,391","+/- 1,537","3,527",+/- 954,"1,428",+/- 753,"18,516","+/- 2,400","14,194","+/- 1,995",Montana,"6,531","+/- 1,614","6,677","+/- 1,326","5,048","+/- 1,183","2,171",+/- 627,"2,835",+/- 912,Montana,939,+/- 384,"4,168","+/- 1,280","5,287","+/- 1,320","14,247","+/- 2,382","20,943","+/- 2,354",Montana,"1,264",+/- 662,"6,930","+/- 1,479","557,397","+/- 8,874","7,716","+/- 1,508","3,760",+/- 877,Montana,"2,098",+/- 872,"5,149","+/- 1,157","4,200",+/- 932,"15,178","+/- 2,151","4,218","+/- 1,035",Montana,"28,015","+/- 2,914","9,037","+/- 1,220","5,356","+/- 1,395","16,709","+/- 2,294","10,704","+/- 1,498",Montana,288,+/- 221,"1,791",+/- 681,"8,624","+/- 1,562","3,598","+/- 1,162","15,427","+/- 2,195",Montana,"10,808","+/- 1,659",926,+/- 433,"3,914","+/- 1,155","42,018","+/- 3,789","1,195",+/- 449,Montana,"11,773","+/- 2,139","17,315","+/- 2,947",220,+/- 188,18,+/- 37,313,+/- 265,Montana,50,+/- 81,0,+/- 174,0,+/- 174,"34,327","+/- 3,504",,
,,,,,,,,,,,,,,,,,,,,,,,,,,,,,,,,,,,,,,,,,,,,,,,,,,,,,,,,,,,,,,,,,,,,,,,,,,,,,,,,,,,,,,,,,,,,,,,,,,,,,,,,,,,,,,,,,,,,,,,,,,,,,,,,,,,
Current residence,Total Population,,State of birth,,,,,,,,Current residence,State of birth (continued),,,,,,,,,,Current residence,State of birth (continued),,,,,,,,,,Current residence,State of birth (continued),,,,,,,,,,Current residence,State of birth (continued),,,,,,,,,,Current residence,State of birth (continued),,,,,,,,,,Current residence,State of birth (continued),,,,,,,,,,Current residence,State of birth (continued),,,,,,,,,,Current residence,State of birth (continued),,,,,,,,,,Current residence,State of birth (continued),,,,,,,,,,Current residence,State of birth (continued),,,,,,,,,,Current residence,State of birth (continued),,,,,,,,,
,,,Alabama,,Alaska,,Arizona,,Arkansas,,,California,,Colorado,,Connecticut,,Delaware,,District of Columbia ,,,Florida,,Georgia,,Hawaii,,Idaho,,Illinois,,,Indiana,,Iowa,,Kansas,,Kentucky,,Louisiana,,,Maine,,Maryland,,Massachusetts,,Michigan,,Minnesota,,,Mississippi,,Missouri,,Montana,,Nebraska,,Nevada,,,New Hampshire,,New Jersey,,New Mexico,,New York,,North Carolina,,,North Dakota,,Ohio,,Oklahoma,,Oregon,,Pennsylvania,,,Rhode Island,,South Carolina,,South Dakota,,Tennessee,,Texas,,,Utah,,Vermont,,Virginia,,Washington,,West Virginia,,,Wisconsin,,Wyoming,,Puerto Rico,,American Samoa,,Guam,,,Northern Marianas Islands,,U.S. Virgin Islands,,Other U.S. Island Areas3,,Foreign Country4,,,
,Estimate,MOE,Estimate,MOE,Estimate,MOE,Estimate,MOE,Estimate,MOE,,Estimate,MOE,Estimate,MOE,Estimate,MOE,Estimate,MOE,Estimate,MOE,,Estimate,MOE,Estimate,MOE,Estimate,MOE,Estimate,MOE,Estimate,MOE,,Estimate,MOE,Estimate,MOE,Estimate,MOE,Estimate,MOE,Estimate,MOE,,Estimate,MOE,Estimate,MOE,Estimate,MOE,Estimate,MOE,Estimate,MOE,,Estimate,MOE,Estimate,MOE,Estimate,MOE,Estimate,MOE,Estimate,MOE,,Estimate,MOE,Estimate,MOE,Estimate,MOE,Estimate,MOE,Estimate,MOE,,Estimate,MOE,Estimate,MOE,Estimate,MOE,Estimate,MOE,Estimate,MOE,,Estimate,MOE,Estimate,MOE,Estimate,MOE,Estimate,MOE,Estimate,MOE,,Estimate,MOE,Estimate,MOE,Estimate,MOE,Estimate,MOE,Estimate,MOE,,Estimate,MOE,Estimate,MOE,Estimate,MOE,Estimate,MOE,Estimate,MOE,,Estimate,MOE,Estimate,MOE,Estimate,MOE,Estimate,MOE,,
,,,,,,,,,,,,,,,,,,,,,,,,,,,,,,,,,,,,,,,,,,,,,,,,,,,,,,,,,,,,,,,,,,,,,,,,,,,,,,,,,,,,,,,,,,,,,,,,,,,,,,,,,,,,,,,,,,,,,,,,,,,,,,,,,,,
Nebraska,"1,920,076",*****,"2,984",+/- 956,"2,393",+/- 842,"8,378","+/- 1,766","5,478","+/- 1,592",Nebraska,"41,823","+/- 2,683","34,460","+/- 2,902","2,451",+/- 756,549,+/- 249,"1,363",+/- 485,Nebraska,"8,678","+/- 1,416","4,069",+/- 750,"2,394",+/- 841,"3,043",+/- 674,"24,638","+/- 2,433",Nebraska,"9,948","+/- 1,473","95,071","+/- 5,209","35,732","+/- 2,895","2,732",+/- 751,"3,279",+/- 800,Nebraska,"1,903",+/- 760,"3,126",+/- 862,"3,755",+/- 873,"9,545","+/- 1,588","19,450","+/- 2,354",Nebraska,"5,128","+/- 1,255","21,408","+/- 2,335","3,954",+/- 916,"1,238,717","+/- 9,400","2,495",+/- 717,Nebraska,728,+/- 368,"5,815","+/- 1,187","3,409","+/- 1,145","11,585","+/- 1,453","4,811",+/- 866,Nebraska,"5,783",+/- 951,"10,893","+/- 1,562","9,111","+/- 1,269","3,595",+/- 878,"7,388","+/- 1,372",Nebraska,865,+/- 470,"2,354",+/- 697,"30,347","+/- 2,549","3,130",+/- 967,"23,982","+/- 2,836",Nebraska,"4,810","+/- 1,191",489,+/- 296,"7,911","+/- 2,212","9,348","+/- 1,536","1,484",+/- 551,Nebraska,"8,407","+/- 1,258","6,881","+/- 1,174",905,+/- 534,41,+/- 68,813,+/- 505,Nebraska,0,+/- 163,64,+/- 108,0,+/- 163,"156,183","+/- 5,891",,
Nevada,"2,998,039",*****,"9,774","+/- 3,211","6,789","+/- 1,239","37,290","+/- 4,942","9,253","+/- 1,556",Nevada,"582,366","+/- 15,336","29,324","+/- 3,377","9,176","+/- 1,532","3,429","+/- 1,780","4,647","+/- 1,253",Nevada,"22,364","+/- 2,963","8,771","+/- 1,915","34,721","+/- 4,257","18,123","+/- 2,834","72,989","+/- 5,389",Nevada,"20,199","+/- 3,531","17,486","+/- 3,226","13,200","+/- 2,116","7,179","+/- 1,301","20,305","+/- 3,553",Nevada,"5,844","+/- 1,804","10,417","+/- 1,983","20,786","+/- 2,491","43,665","+/- 4,272","20,935","+/- 2,801",Nevada,"9,491","+/- 1,550","19,488","+/- 2,784","10,193","+/- 1,528","13,480","+/- 2,464","776,940","+/- 13,110",Nevada,"2,838",+/- 983,"24,513","+/- 2,889","15,594","+/- 2,413","89,146","+/- 4,300","10,837","+/- 1,754",Nevada,"7,265","+/- 1,627","38,296","+/- 3,765","14,732","+/- 2,186","30,184","+/- 3,790","40,022","+/- 3,053",Nevada,"3,806","+/- 1,216","5,208","+/- 1,345","6,472","+/- 1,361","10,042","+/- 2,216","55,165","+/- 4,032",Nevada,"54,996","+/- 5,258","1,419",+/- 526,"13,751","+/- 2,393","34,089","+/- 3,588","5,125","+/- 1,278",Nevada,"20,323","+/- 2,141","6,879","+/- 1,669","5,053","+/- 1,574",544,+/- 315,"4,848","+/- 1,603",Nevada,592,+/- 540,372,+/- 372,0,+/- 211,"637,304","+/- 12,586",,
New Hampshire,"1,342,795",*****,"1,864",+/- 684,"1,556",+/- 635,"2,316",+/- 630,"1,323",+/- 732,New Hampshire,"16,597","+/- 2,131","4,688","+/- 1,148","32,840","+/- 3,302",704,+/- 318,"2,536",+/- 775,New Hampshire,"9,168","+/- 1,564","2,716",+/- 894,"1,131",+/- 448,732,+/- 525,"8,772","+/- 1,479",New Hampshire,"4,885","+/- 1,314","2,070",+/- 660,"1,878",+/- 735,"1,476",+/- 589,"2,005",+/- 868,New Hampshire,"39,139","+/- 3,914","5,023","+/- 1,009","333,736","+/- 8,837","7,657","+/- 1,412","3,515","+/- 1,146",New Hampshire,"1,348",+/- 690,"2,287",+/- 636,428,+/- 267,"1,009",+/- 505,967,+/- 503,New Hampshire,"561,018","+/- 11,821","21,479","+/- 2,549",759,+/- 382,"59,247","+/- 4,967","5,609","+/- 1,288",New Hampshire,701,+/- 410,"9,664","+/- 1,440","1,598",+/- 762,"1,280",+/- 699,"21,415","+/- 2,780",New Hampshire,"12,288","+/- 1,832","2,699",+/- 918,445,+/- 355,"1,221",+/- 572,"7,975","+/- 1,478",New Hampshire,"1,227",+/- 705,"25,949","+/- 2,467","6,967","+/- 1,442","3,037","+/- 1,006","1,464",+/- 598,New Hampshire,"3,332",+/- 787,597,+/- 384,"4,886","+/- 2,138",0,+/- 192,0,+/- 192,New Hampshire,0,+/- 192,40,+/- 72,0,+/- 192,"93,532","+/- 5,379",,
New Jersey,"9,005,644",*****,"13,748","+/- 2,029","3,490","+/- 1,121","7,363","+/- 2,690","2,811",+/- 808,New Jersey,"48,279","+/- 4,287","7,792","+/- 1,948","30,790","+/- 2,816","19,434","+/- 2,524","12,008","+/- 2,023",New Jersey,"46,135","+/- 3,868","25,364","+/- 3,048","5,707","+/- 1,421","1,659",+/- 687,"35,891","+/- 3,050",New Jersey,"8,834","+/- 1,666","5,153","+/- 1,350","5,807","+/- 1,620","4,368",+/- 990,"8,525","+/- 1,700",New Jersey,"5,630","+/- 1,250","27,842","+/- 2,864","47,439","+/- 3,763","20,081","+/- 2,611","7,143","+/- 1,307",New Jersey,"3,961","+/- 1,107","9,905","+/- 1,417","1,418",+/- 569,"2,986","+/- 1,193","1,852",+/- 636,New Jersey,"4,886","+/- 1,225","4,674,324","+/- 33,181","4,224",+/- 953,"953,322","+/- 17,794","42,664","+/- 4,011",New Jersey,"1,570",+/- 639,"32,713","+/- 3,159","5,379","+/- 1,577","2,834",+/- 957,"455,088","+/- 12,418",New Jersey,"5,906","+/- 1,477","26,599","+/- 2,592","1,160",+/- 713,"8,689","+/- 1,634","29,099","+/- 3,080",New Jersey,"2,690","+/- 1,029","2,350",+/- 589,"35,237","+/- 3,191","8,766","+/- 1,548","7,772","+/- 1,246",New Jersey,"8,322","+/- 1,610",960,+/- 392,"132,894","+/- 7,150",0,+/- 206,381,+/- 282,New Jersey,62,+/- 106,"3,147","+/- 1,037",0,+/- 206,"2,133,191","+/- 25,252",,
New Mexico,"2,088,070",*****,"3,389",+/- 898,"4,359","+/- 1,372","41,867","+/- 3,927","5,170","+/- 1,193",New Mexico,"99,812","+/- 6,203","44,652","+/- 4,076","5,881","+/- 1,393","1,152",+/- 787,"4,157","+/- 1,148",New Mexico,"10,550","+/- 2,011","5,398","+/- 1,358","2,994","+/- 1,242","4,855","+/- 1,305","26,737","+/- 2,955",New Mexico,"12,217","+/- 1,708","9,476","+/- 1,624","13,745","+/- 2,333","4,906","+/- 1,451","9,780","+/- 1,989",New Mexico,"4,953","+/- 1,621","5,399","+/- 1,340","9,377","+/- 1,723","19,474","+/- 2,869","12,785","+/- 2,225",New Mexico,"2,365",+/- 739,"10,167","+/- 1,577","4,014",+/- 852,"6,983","+/- 1,520","6,902","+/- 1,950",New Mexico,"2,164",+/- 868,"9,488","+/- 1,373","1,133,231","+/- 13,400","35,531","+/- 3,238","5,890","+/- 1,371",New Mexico,"3,999",+/- 929,"20,607","+/- 2,450","21,268","+/- 2,888","5,999","+/- 1,108","19,177","+/- 2,315",New Mexico,"1,851",+/- 888,"2,487",+/- 813,"4,478","+/- 1,275","5,732","+/- 2,028","154,531","+/- 7,542",New Mexico,"11,526","+/- 2,217",701,+/- 382,"7,654","+/- 1,362","10,563","+/- 1,674","3,612","+/- 1,073",New Mexico,"9,702","+/- 1,926","4,733","+/- 1,178","2,906","+/- 1,187",0,+/- 201,195,+/- 187,New Mexico,0,+/- 201,0,+/- 201,0,+/- 201,"216,529","+/- 10,475",,
,,,,,,,,,,,,,,,,,,,,,,,,,,,,,,,,,,,,,,,,,,,,,,,,,,,,,,,,,,,,,,,,,,,,,,,,,,,,,,,,,,,,,,,,,,,,,,,,,,,,,,,,,,,,,,,,,,,,,,,,,,,,,,,,,,,
New York,"19,849,399",*****,"36,155","+/- 2,888","8,201","+/- 2,028","22,109","+/- 2,655","10,033","+/- 1,787",New York,"171,296","+/- 7,450","23,961","+/- 3,964","133,973","+/- 6,576","10,883","+/- 1,866","32,767","+/- 3,938",New York,"113,316","+/- 6,141","53,109","+/- 4,860","10,867","+/- 1,667","3,112",+/- 792,"80,534","+/- 5,005",New York,"29,200","+/- 2,884","12,147","+/- 1,916","11,219","+/- 1,772","16,561","+/- 3,082","20,443","+/- 2,849",New York,"16,742","+/- 1,865","58,697","+/- 4,361","140,460","+/- 7,051","64,677","+/- 5,437","23,198","+/- 1,938",New York,"13,718","+/- 1,784","25,097","+/- 2,994","4,031","+/- 1,150","8,838","+/- 1,338","8,360","+/- 2,357",New York,"15,622","+/- 1,948","294,534","+/- 9,746","11,602","+/- 1,986","12,484,759","+/- 39,338","88,094","+/- 6,484",New York,"3,802","+/- 1,076","88,059","+/- 4,882","10,653","+/- 1,767","10,946","+/- 1,930","258,373","+/- 9,041",New York,"19,481","+/- 2,285","60,734","+/- 4,177","3,619",+/- 835,"19,966","+/- 2,297","80,505","+/- 6,651",New York,"8,993","+/- 2,196","36,463","+/- 3,488","71,898","+/- 4,442","26,315","+/- 2,898","10,865","+/- 1,451",New York,"24,756","+/- 2,408","3,772",+/- 954,"280,909","+/- 9,653",308,+/- 404,"1,979","+/- 1,129",New York,81,+/- 131,"8,703","+/- 2,002",0,+/- 200,"4,759,904","+/- 34,941",,
North Carolina,"10,273,419",*****,"46,277","+/- 3,780","6,570","+/- 1,778","23,543","+/- 2,939","16,696","+/- 2,335",North Carolina,"174,850","+/- 10,124","26,254","+/- 3,732","58,092","+/- 4,849","13,724","+/- 2,343","50,144","+/- 4,019",North Carolina,"199,233","+/- 9,512","147,743","+/- 7,728","12,103","+/- 2,257","4,700","+/- 1,130","108,132","+/- 6,438",North Carolina,"61,819","+/- 4,488","21,663","+/- 2,729","21,054","+/- 3,123","49,014","+/- 3,966","33,323","+/- 3,110",North Carolina,"18,744","+/- 2,596","105,507","+/- 7,088","84,738","+/- 5,524","112,687","+/- 7,244","25,767","+/- 3,076",North Carolina,"23,764","+/- 3,034","37,111","+/- 3,587","5,750","+/- 1,547","15,195","+/- 2,012","8,406","+/- 2,027",North Carolina,"13,451","+/- 2,515","178,464","+/- 9,334","10,470","+/- 2,003","480,852","+/- 16,727","5,795,939","+/- 32,166",North Carolina,"4,882","+/- 1,040","171,665","+/- 7,742","21,151","+/- 3,265","8,232","+/- 1,631","210,299","+/- 9,269",North Carolina,"16,853","+/- 2,444","219,119","+/- 9,382","4,728","+/- 1,385","83,454","+/- 5,541","101,339","+/- 6,186",North Carolina,"9,687","+/- 1,786","10,611","+/- 2,715","304,264","+/- 10,499","27,365","+/- 2,979","88,934","+/- 5,952",North Carolina,"36,012","+/- 3,703","3,404","+/- 1,085","32,844","+/- 4,422",74,+/- 161,"1,798",+/- 786,North Carolina,151,+/- 108,"4,233","+/- 1,782",0,+/- 207,"920,541","+/- 17,333",,
North Dakota,"755,393",*****,"2,650","+/- 1,333","2,407",+/- 984,"4,917","+/- 1,695",537,+/- 351,North Dakota,"16,044","+/- 2,066","6,122","+/- 1,266",272,+/- 180,125,+/- 215,310,+/- 263,North Dakota,"3,461","+/- 1,203","2,342","+/- 1,347",620,+/- 381,"3,098",+/- 908,"7,220","+/- 1,771",North Dakota,"2,848","+/- 1,226","5,021","+/- 1,098","2,477",+/- 752,974,+/- 449,"2,025",+/- 852,North Dakota,539,+/- 439,989,+/- 455,933,+/- 369,"5,462","+/- 1,440","72,623","+/- 4,740",North Dakota,666,+/- 351,"1,871",+/- 734,"13,494","+/- 1,926","3,052",+/- 807,"2,011",+/- 939,North Dakota,192,+/- 116,"1,447",+/- 794,"2,214","+/- 1,217","3,868","+/- 1,101","1,897",+/- 737,North Dakota,"469,158","+/- 7,890","3,612","+/- 1,074","3,238","+/- 1,670","3,083","+/- 1,137","3,530","+/- 1,009",North Dakota,596,+/- 353,"1,304",+/- 799,"18,553","+/- 2,036","1,438",+/- 607,"10,192","+/- 1,890",North Dakota,"3,474","+/- 1,103",44,+/- 44,"3,124",+/- 945,"10,978","+/- 3,932",222,+/- 200,North Dakota,"6,889","+/- 1,599","3,340",+/- 760,"1,318",+/- 858,0,+/- 161,147,+/- 239,North Dakota,0,+/- 161,0,+/- 161,0,+/- 161,"36,425","+/- 3,306",,
Ohio,"11,658,609",*****,"59,122","+/- 3,789","5,549","+/- 1,463","20,486","+/- 3,046","16,279","+/- 2,564",Ohio,"104,740","+/- 6,167","20,222","+/- 2,318","20,736","+/- 2,158","5,406","+/- 1,654","11,615","+/- 1,998",Ohio,"72,876","+/- 5,388","51,018","+/- 4,537","8,940","+/- 1,718","3,870","+/- 1,135","116,473","+/- 5,564",Ohio,"143,384","+/- 7,927","18,927","+/- 2,601","17,336","+/- 2,154","205,006","+/- 8,496","15,531","+/- 2,066",Ohio,"8,761","+/- 1,800","33,472","+/- 3,206","30,477","+/- 3,203","160,525","+/- 6,040","19,290","+/- 2,341",Ohio,"26,591","+/- 2,989","34,934","+/- 2,881","3,153",+/- 923,"10,785","+/- 1,657","6,261","+/- 1,446",Ohio,"5,336","+/- 1,622","47,896","+/- 3,833","6,748","+/- 1,490","139,465","+/- 6,555","46,944","+/- 3,632",Ohio,"6,011","+/- 1,220","8,717,870","+/- 26,931","16,125","+/- 1,964","8,408","+/- 1,637","239,606","+/- 7,945",Ohio,"7,861","+/- 1,775","24,678","+/- 2,601","4,291",+/- 988,"50,312","+/- 3,606","79,565","+/- 6,162",Ohio,"7,387","+/- 1,675","3,536",+/- 932,"59,920","+/- 4,441","17,957","+/- 1,856","252,358","+/- 7,912",Ohio,"32,504","+/- 3,540","3,204",+/- 746,"40,579","+/- 4,671",317,+/- 438,"1,016",+/- 592,Ohio,0,+/- 193,468,+/- 381,0,+/- 193,"586,482","+/- 18,520",,
Oklahoma,"3,930,864",*****,"12,772","+/- 2,163","6,671","+/- 1,282","23,718","+/- 2,579","101,006","+/- 4,027",Oklahoma,"164,207","+/- 6,100","32,235","+/- 2,555","4,447",+/- 860,"1,041",+/- 429,"2,327",+/- 711,Oklahoma,"25,494","+/- 2,922","17,866","+/- 2,988","5,581","+/- 1,403","5,123","+/- 1,069","45,490","+/- 2,942",Oklahoma,"18,533","+/- 2,132","19,981","+/- 1,952","100,155","+/- 5,195","10,477","+/- 1,590","24,631","+/- 2,396",Oklahoma,"3,090",+/- 710,"5,959","+/- 1,039","9,606","+/- 1,642","22,435","+/- 2,301","12,316","+/- 1,732",Oklahoma,"12,380","+/- 1,951","64,297","+/- 3,609","4,262","+/- 1,072","15,494","+/- 2,151","6,326","+/- 1,556",Oklahoma,"1,198",+/- 419,"12,530","+/- 1,929","28,485","+/- 2,856","28,165","+/- 2,723","15,050","+/- 1,880",Oklahoma,"3,866",+/- 797,"28,265","+/- 2,853","2,406,909","+/- 15,655","9,679","+/- 1,621","18,945","+/- 2,232",Oklahoma,"1,581",+/- 656,"7,213","+/- 1,306","6,382","+/- 1,399","14,538","+/- 1,950","252,102","+/- 8,388",Oklahoma,"7,370","+/- 1,387",847,+/- 408,"12,788","+/- 1,722","15,506","+/- 2,169","5,318","+/- 1,040",Oklahoma,"10,810","+/- 1,551","4,060","+/- 1,098","2,501",+/- 719,334,+/- 251,751,+/- 388,Oklahoma,187,+/- 180,69,+/- 113,45,+/- 74,"257,450","+/- 7,784",,
,,,,,,,,,,,,,,,,,,,,,,,,,,,,,,,,,,,,,,,,,,,,,,,,,,,,,,,,,,,,,,,,,,,,,,,,,,,,,,,,,,,,,,,,,,,,,,,,,,,,,,,,,,,,,,,,,,,,,,,,,,,,,,,,,,,
Oregon,"4,142,776",*****,"6,711","+/- 1,673","17,634","+/- 2,321","36,801","+/- 3,909","11,812","+/- 1,775",Oregon,"571,952","+/- 15,637","35,212","+/- 2,965","9,842","+/- 1,687","1,707",+/- 659,"5,401","+/- 1,194",Oregon,"21,218","+/- 2,651","11,515","+/- 2,052","22,042","+/- 3,394","51,141","+/- 3,622","57,696","+/- 4,585",Oregon,"21,571","+/- 2,779","23,951","+/- 2,476","23,540","+/- 3,173","7,088","+/- 1,671","8,308","+/- 1,327",Oregon,"4,660","+/- 1,505","11,635","+/- 1,752","24,498","+/- 3,069","39,492","+/- 3,400","37,275","+/- 3,193",Oregon,"5,862","+/- 1,437","27,219","+/- 3,268","28,982","+/- 3,255","22,712","+/- 2,083","24,165","+/- 2,884",Oregon,"3,347",+/- 898,"23,206","+/- 2,678","14,313","+/- 2,229","54,002","+/- 3,755","10,609","+/- 1,944",Oregon,"15,128","+/- 2,144","41,288","+/- 3,481","25,223","+/- 2,601","1,907,372","+/- 22,965","30,197","+/- 2,919",Oregon,"3,444","+/- 1,017","5,219","+/- 1,441","11,978","+/- 1,774","8,749","+/- 1,709","54,883","+/- 4,599",Oregon,"29,797","+/- 3,279","2,593","+/- 1,050","14,688","+/- 1,791","206,242","+/- 8,695","4,187","+/- 1,321",Oregon,"30,611","+/- 3,089","9,842","+/- 1,799","2,578","+/- 1,040","1,323","+/- 1,253","3,014","+/- 1,048",Oregon,"2,849","+/- 2,079",151,+/- 186,0,+/- 207,"454,301","+/- 12,262",,
Pennsylvania,"12,805,537",*****,"17,293","+/- 2,316","4,934","+/- 1,248","13,201","+/- 1,909","7,139","+/- 1,750",Pennsylvania,"90,239","+/- 6,002","16,775","+/- 2,182","42,814","+/- 3,007","53,850","+/- 3,737","30,696","+/- 2,789",Pennsylvania,"67,648","+/- 4,377","34,214","+/- 3,563","6,294","+/- 1,197","2,577",+/- 851,"55,663","+/- 3,295",Pennsylvania,"32,815","+/- 2,673","12,074","+/- 1,722","12,728","+/- 2,032","17,398","+/- 2,100","13,747","+/- 1,869",Pennsylvania,"11,687","+/- 1,697","201,857","+/- 8,191","59,577","+/- 3,981","44,437","+/- 3,265","15,870","+/- 1,798",Pennsylvania,"10,027","+/- 1,660","19,718","+/- 2,543","4,139","+/- 1,017","7,459","+/- 1,527","5,182","+/- 1,672",Pennsylvania,"8,002","+/- 1,372","421,646","+/- 13,439","6,710","+/- 1,382","541,551","+/- 14,509","58,053","+/- 3,950",Pennsylvania,"3,319",+/- 782,"150,889","+/- 5,811","9,824","+/- 1,451","8,719","+/- 1,788","9,247,325","+/- 27,381",Pennsylvania,"10,543","+/- 1,695","31,844","+/- 3,011","3,339",+/- 961,"15,525","+/- 2,021","57,358","+/- 3,730",Pennsylvania,"6,979","+/- 1,763","8,330","+/- 1,615","85,217","+/- 5,486","15,920","+/- 1,707","57,013","+/- 3,517",Pennsylvania,"15,574","+/- 1,914","3,213",+/- 922,"146,111","+/- 10,108",157,+/- 186,"1,435",+/- 617,Pennsylvania,44,+/- 73,"1,885",+/- 818,0,+/- 179,"976,960","+/- 19,748",,
Rhode Island,"1,059,639",*****,453,+/- 388,240,+/- 217,561,+/- 364,731,+/- 785,Rhode Island,"12,893","+/- 1,874","1,317",+/- 609,"26,826","+/- 3,214",510,+/- 285,"2,800","+/- 1,011",Rhode Island,"6,704","+/- 1,675","3,376","+/- 1,022","1,668",+/- 974,150,+/- 165,"4,303","+/- 1,048",Rhode Island,"2,073",+/- 956,856,+/- 445,"1,043",+/- 570,"1,361","+/- 1,015",636,+/- 357,Rhode Island,"4,449","+/- 1,022","3,476",+/- 894,"108,157","+/- 7,023","4,344","+/- 1,082","1,437",+/- 620,Rhode Island,888,+/- 486,"1,634",+/- 735,245,+/- 238,868,+/- 530,200,+/- 276,Rhode Island,"4,316",+/- 978,"12,497","+/- 2,108",602,+/- 362,"46,047","+/- 3,863","4,358","+/- 1,455",Rhode Island,596,+/- 483,"5,483","+/- 1,321",609,+/- 357,631,+/- 475,"9,705","+/- 1,730",Rhode Island,"588,520","+/- 10,072","1,544",+/- 484,"1,130",+/- 864,997,+/- 406,"4,957","+/- 1,204",Rhode Island,287,+/- 290,"3,271","+/- 1,237","5,567","+/- 1,359","3,143","+/- 1,245",832,+/- 469,Rhode Island,"1,690",+/- 641,24,+/- 39,"10,977","+/- 1,729",0,+/- 217,0,+/- 217,Rhode Island,0,+/- 217,99,+/- 162,0,+/- 217,"157,558","+/- 7,287",,
South Carolina,"5,024,369",*****,"31,907","+/- 3,868","4,443","+/- 1,329","8,678","+/- 1,706","9,393","+/- 1,966",South Carolina,"69,787","+/- 6,207","10,880","+/- 1,943","37,109","+/- 4,593","5,038","+/- 1,273","18,149","+/- 2,280",South Carolina,"97,372","+/- 7,011","171,480","+/- 6,894","7,449","+/- 3,424","4,260","+/- 1,334","47,570","+/- 4,179",South Carolina,"36,722","+/- 3,558","9,096","+/- 1,351","9,717","+/- 1,800","25,567","+/- 2,730","17,202","+/- 2,323",South Carolina,"9,375","+/- 1,552","44,069","+/- 4,163","40,261","+/- 4,490","61,448","+/- 6,228","12,009","+/- 1,848",South Carolina,"12,444","+/- 1,572","21,471","+/- 3,016","2,262",+/- 799,"5,586","+/- 1,228","3,443","+/- 1,332",South Carolina,"7,714","+/- 2,019","92,255","+/- 7,646","4,701","+/- 1,451","213,711","+/- 8,897","266,486","+/- 10,379",South Carolina,"3,689","+/- 1,066","97,177","+/- 6,454","10,193","+/- 2,769","3,908","+/- 1,009","115,236","+/- 6,267",South Carolina,"9,504","+/- 2,051","2,821,764","+/- 21,715","4,006","+/- 1,167","39,629","+/- 3,906","46,618","+/- 4,216",South Carolina,"3,690","+/- 1,092","3,546",+/- 948,"78,305","+/- 3,979","12,647","+/- 2,479","38,279","+/- 3,886",South Carolina,"17,861","+/- 2,854","2,633",+/- 820,"11,730","+/- 2,203",232,+/- 375,"1,132",+/- 547,South Carolina,223,+/- 282,81,+/- 102,76,+/- 136,"283,156","+/- 8,768",,
South Dakota,"869,666",*****,787,+/- 526,"1,773",+/- 683,"3,608","+/- 1,246",967,+/- 704,South Dakota,"21,705","+/- 2,907","9,245","+/- 1,543","1,392",+/- 693,231,+/- 194,"1,150",+/- 562,South Dakota,"3,235","+/- 1,159","1,644",+/- 687,728,+/- 419,"1,854",+/- 722,"9,038","+/- 1,710",South Dakota,"1,935",+/- 727,"34,539","+/- 3,020","5,455","+/- 1,115",579,+/- 322,740,+/- 411,South Dakota,279,+/- 180,"1,131",+/- 482,"1,247",+/- 502,"5,316","+/- 1,671","50,035","+/- 3,526",South Dakota,"1,009",+/- 734,"3,705","+/- 1,054","4,973","+/- 1,288","22,503","+/- 2,641","1,379",+/- 555,South Dakota,141,+/- 139,"1,840",+/- 845,"1,702",+/- 608,"4,743","+/- 1,168","1,738",+/- 692,South Dakota,"22,420","+/- 2,261","3,315","+/- 1,025","1,796",+/- 646,"2,133",+/- 724,"3,281",+/- 893,South Dakota,33,+/- 55,"2,194",+/- 916,"564,083","+/- 6,697","1,357",+/- 773,"7,349","+/- 1,343",South Dakota,"2,617",+/- 985,305,+/- 310,"1,850",+/- 740,"5,643","+/- 1,440",360,+/- 302,South Dakota,"5,356","+/- 1,109","6,529","+/- 1,340","1,520",+/- 919,0,+/- 163,212,+/- 200,South Dakota,0,+/- 163,0,+/- 163,0,+/- 163,"34,967","+/- 3,418",,
,,,,,,,,,,,,,,,,,,,,,,,,,,,,,,,,,,,,,,,,,,,,,,,,,,,,,,,,,,,,,,,,,,,,,,,,,,,,,,,,,,,,,,,,,,,,,,,,,,,,,,,,,,,,,,,,,,,,,,,,,,,,,,,,,,,
Tennessee,"6,715,984",*****,"113,866","+/- 6,090","5,885","+/- 1,529","18,196","+/- 3,009","54,857","+/- 6,045",Tennessee,"116,265","+/- 6,864","15,287","+/- 2,290","16,496","+/- 2,834","4,196","+/- 1,085","9,170","+/- 1,499",Tennessee,"133,435","+/- 8,011","122,422","+/- 5,977","6,950","+/- 1,607","4,595","+/- 1,427","150,348","+/- 7,970",Tennessee,"89,164","+/- 6,471","18,445","+/- 2,610","17,151","+/- 2,464","143,345","+/- 7,435","47,249","+/- 4,943",Tennessee,"6,536","+/- 1,561","33,623","+/- 3,455","25,349","+/- 2,858","127,563","+/- 7,585","15,718","+/- 2,158",Tennessee,"119,565","+/- 6,725","56,927","+/- 4,986","2,505",+/- 832,"7,596","+/- 1,463","3,666",+/- 992,Tennessee,"5,936","+/- 1,161","40,320","+/- 4,578","7,772","+/- 1,440","104,088","+/- 6,079","78,133","+/- 5,415",Tennessee,"3,080",+/- 993,"135,064","+/- 8,231","22,636","+/- 2,901","7,257","+/- 1,446","69,482","+/- 4,477",Tennessee,"5,756","+/- 1,894","33,709","+/- 3,424","6,321","+/- 1,681","4,011,408","+/- 27,672","102,059","+/- 5,793",Tennessee,"7,108","+/- 1,571","3,347",+/- 880,"98,568","+/- 6,041","20,871","+/- 2,401","33,041","+/- 3,535",Tennessee,"26,672","+/- 4,242","2,862",+/- 922,"9,311","+/- 2,086","1,091",+/- 834,"1,014",+/- 701,Tennessee,0,+/- 208,212,+/- 250,0,+/- 208,"392,496","+/- 12,021",,
Texas,"28,304,596",*****,"103,603","+/- 7,403","27,939","+/- 3,993","108,077","+/- 8,066","173,465","+/- 8,496",Texas,"755,779","+/- 18,450","141,730","+/- 10,216","45,731","+/- 4,701","13,671","+/- 2,380","27,385","+/- 3,263",Texas,"221,060","+/- 10,807","126,160","+/- 7,184","37,273","+/- 4,235","23,372","+/- 2,914","367,706","+/- 11,620",Texas,"139,074","+/- 7,266","84,850","+/- 5,969","148,936","+/- 8,319","70,072","+/- 6,009","525,043","+/- 18,538",Texas,"40,876","+/- 4,412","66,339","+/- 4,968","74,788","+/- 5,799","215,714","+/- 9,691","85,696","+/- 5,847",Texas,"127,930","+/- 8,831","170,294","+/- 7,810","20,384","+/- 3,229","60,176","+/- 5,120","32,395","+/- 4,271",Texas,"12,608","+/- 2,338","116,209","+/- 7,780","160,802","+/- 9,294","297,642","+/- 11,186","105,249","+/- 7,871",Texas,"18,663","+/- 2,821","210,898","+/- 11,050","323,659","+/- 11,933","44,054","+/- 4,770","176,783","+/- 8,926",Texas,"14,137","+/- 3,157","56,217","+/- 5,288","21,409","+/- 2,720","114,754","+/- 7,982","16,884,832","+/- 65,089",Texas,"49,910","+/- 5,439","7,121","+/- 2,203","114,813","+/- 8,523","91,431","+/- 5,857","33,427","+/- 3,468",Texas,"95,218","+/- 6,073","23,552","+/- 3,141","85,334","+/- 8,261","1,311",+/- 678,"10,770","+/- 2,513",Texas,"1,005",+/- 763,"6,584","+/- 3,302",0,+/- 225,"5,190,686","+/- 41,938",,
Utah,"3,101,833",*****,"4,145","+/- 1,099","5,773","+/- 1,447","43,629","+/- 4,188","3,492",+/- 924,Utah,"232,378","+/- 10,894","39,655","+/- 4,615","4,885","+/- 1,402",778,+/- 581,"3,713","+/- 1,028",Utah,"12,655","+/- 1,970","10,545","+/- 2,218","10,872","+/- 1,993","80,415","+/- 4,294","22,042","+/- 2,645",Utah,"11,829","+/- 2,038","10,410","+/- 1,703","9,582","+/- 2,015","5,861","+/- 1,412","4,082","+/- 1,190",Utah,"2,885","+/- 1,006","7,199","+/- 1,232","8,625","+/- 1,622","15,772","+/- 1,726","9,439","+/- 1,723",Utah,"2,853",+/- 716,"11,711","+/- 1,905","13,695","+/- 1,834","8,462","+/- 1,597","29,649","+/- 3,500",Utah,"2,679",+/- 786,"8,850","+/- 1,632","17,898","+/- 2,119","23,944","+/- 3,073","6,263","+/- 1,747",Utah,"3,866",+/- 739,"15,371","+/- 2,243","8,431","+/- 1,590","20,581","+/- 2,602","16,020","+/- 2,117",Utah,"1,803",+/- 657,"3,837",+/- 877,"3,663",+/- 866,"4,389","+/- 1,202","40,334","+/- 4,061",Utah,"1,919,568","+/- 14,185","1,253",+/- 522,"11,916","+/- 1,627","34,020","+/- 3,353","2,056",+/- 665,Utah,"8,254","+/- 1,490","18,128","+/- 2,435","3,688","+/- 2,645","1,233",+/- 896,"1,394",+/- 937,Utah,0,+/- 192,27,+/- 46,0,+/- 192,"295,336","+/- 7,694",,
Vermont,"623,657",*****,749,+/- 305,626,+/- 350,"1,072",+/- 441,395,+/- 224,Vermont,"8,804","+/- 1,305","1,564",+/- 444,"22,601","+/- 2,177",537,+/- 340,"1,248",+/- 440,Vermont,"5,949","+/- 1,364","2,019",+/- 692,409,+/- 265,479,+/- 284,"7,473","+/- 2,481",Vermont,"1,038",+/- 427,800,+/- 368,776,+/- 319,693,+/- 334,839,+/- 369,Vermont,"6,947","+/- 1,046","3,396",+/- 761,"41,919","+/- 2,508","3,673",+/- 773,"1,202",+/- 376,Vermont,855,+/- 417,"1,472",+/- 525,570,+/- 356,"1,142",+/- 614,376,+/- 276,Vermont,"37,508","+/- 2,829","16,016","+/- 1,732",503,+/- 297,"50,680","+/- 2,962","2,037",+/- 642,Vermont,350,+/- 263,"6,607",+/- 980,"1,075",+/- 452,757,+/- 325,"12,299","+/- 1,689",Vermont,"4,059",+/- 753,833,+/- 395,414,+/- 263,"1,634",+/- 538,"4,391",+/- 988,Vermont,"1,057",+/- 519,"321,612","+/- 5,614","3,919",+/- 723,"1,048",+/- 364,459,+/- 320,Vermont,"2,185",+/- 631,878,+/- 470,446,+/- 259,0,+/- 157,47,+/- 60,Vermont,0,+/- 157,0,+/- 157,0,+/- 157,"33,220","+/- 2,544",,
Virginia,"8,470,020",*****,"37,460","+/- 3,592","7,209","+/- 1,352","18,987","+/- 2,643","14,617","+/- 2,098",Virginia,"175,009","+/- 6,892","29,374","+/- 2,796","45,812","+/- 3,383","16,310","+/- 2,507","172,167","+/- 7,710",Virginia,"124,401","+/- 6,324","68,058","+/- 5,135","21,108","+/- 2,428","7,035","+/- 1,634","84,903","+/- 5,442",Virginia,"42,207","+/- 3,491","21,096","+/- 3,089","18,891","+/- 2,040","49,660","+/- 5,026","30,377","+/- 2,936",Virginia,"15,818","+/- 1,879","200,827","+/- 9,456","83,253","+/- 4,693","76,428","+/- 5,138","24,399","+/- 2,880",Virginia,"19,437","+/- 2,348","35,579","+/- 3,265","6,371","+/- 1,454","11,310","+/- 1,607","6,748","+/- 1,099",Virginia,"11,612","+/- 1,551","139,260","+/- 6,082","11,828","+/- 2,009","335,339","+/- 11,509","234,617","+/- 9,786",Virginia,"7,252","+/- 1,776","124,216","+/- 6,551","21,753","+/- 2,586","9,938","+/- 1,485","243,200","+/- 8,498",Virginia,"13,875","+/- 2,017","55,611","+/- 4,141","6,024","+/- 1,518","84,251","+/- 5,290","112,622","+/- 6,232",Virginia,"11,814","+/- 1,833","9,511","+/- 1,651","4,166,513","+/- 25,984","34,622","+/- 3,070","115,086","+/- 5,649",Virginia,"28,024","+/- 2,587","2,448",+/- 663,"32,039","+/- 4,819",222,+/- 272,"3,690","+/- 1,158",Virginia,328,+/- 403,"1,914","+/- 1,218",0,+/- 204,"1,187,560","+/- 16,375",,
,,,,,,,,,,,,,,,,,,,,,,,,,,,,,,,,,,,,,,,,,,,,,,,,,,,,,,,,,,,,,,,,,,,,,,,,,,,,,,,,,,,,,,,,,,,,,,,,,,,,,,,,,,,,,,,,,,,,,,,,,,,,,,,,,,,
Washington,"7,405,743",*****,"15,251","+/- 2,250","44,190","+/- 3,415","56,431","+/- 4,458","19,532","+/- 2,808",Washington,"621,878","+/- 13,613","65,741","+/- 4,763","21,272","+/- 2,934","4,291","+/- 1,178","12,964","+/- 1,724",Washington,"50,577","+/- 3,822","28,796","+/- 3,204","44,389","+/- 3,990","98,923","+/- 5,379","101,602","+/- 5,655",Washington,"32,814","+/- 3,122","37,544","+/- 2,926","38,094","+/- 3,002","13,533","+/- 2,007","28,774","+/- 3,243",Washington,"9,506","+/- 2,392","24,896","+/- 2,583","37,159","+/- 3,553","75,048","+/- 5,359","66,690","+/- 4,545",Washington,"12,753","+/- 2,031","42,340","+/- 3,731","72,316","+/- 4,963","27,788","+/- 2,607","29,232","+/- 3,643",Washington,"6,686","+/- 1,240","35,101","+/- 3,480","19,421","+/- 2,376","102,779","+/- 5,191","26,580","+/- 3,277",Washington,"35,325","+/- 2,848","62,644","+/- 3,933","33,747","+/- 3,089","283,072","+/- 9,077","55,070","+/- 4,011",Washington,"5,531","+/- 1,163","12,887","+/- 1,979","20,437","+/- 2,425","22,953","+/- 3,331","117,706","+/- 6,714",Washington,"52,630","+/- 4,643","3,462",+/- 957,"37,356","+/- 3,497","3,472,323","+/- 24,131","9,596","+/- 1,855",Washington,"44,099","+/- 3,845","15,621","+/- 2,272","6,916","+/- 1,968","5,123","+/- 1,498","12,033","+/- 2,039",Washington,"2,807","+/- 2,002",496,+/- 352,0,+/- 204,"1,169,018","+/- 17,345",,
West Virginia,"1,815,857",*****,"3,734","+/- 1,303",997,+/- 556,"3,111","+/- 1,138",863,+/- 455,West Virginia,"10,637","+/- 2,353","2,840","+/- 1,081","2,462",+/- 766,"2,339",+/- 817,"11,416","+/- 2,258",West Virginia,"16,002","+/- 2,528","6,113","+/- 1,463","1,203",+/- 589,497,+/- 452,"9,062","+/- 1,372",West Virginia,"5,634","+/- 1,335","1,620",+/- 777,"2,228",+/- 764,"20,766","+/- 2,561","1,988",+/- 785,West Virginia,"1,006",+/- 508,"81,428","+/- 4,310","3,543",+/- 935,"11,618","+/- 2,343","2,111",+/- 721,West Virginia,"1,718",+/- 760,"2,825",+/- 982,661,+/- 453,310,+/- 216,"1,660",+/- 808,West Virginia,943,+/- 463,"11,949","+/- 2,076",966,+/- 476,"18,122","+/- 2,733","14,247","+/- 2,413",West Virginia,683,+/- 390,"85,520","+/- 5,067","1,957",+/- 572,942,+/- 515,"46,107","+/- 4,472",West Virginia,711,+/- 402,"5,893","+/- 1,690",581,+/- 324,"5,820","+/- 1,378","7,686","+/- 1,704",West Virginia,"1,179",+/- 818,838,+/- 427,"83,181","+/- 5,091","3,771","+/- 1,101","1,271,115","+/- 12,389",West Virginia,"2,858","+/- 1,082",737,+/- 552,"1,600",+/- 753,91,+/- 145,298,+/- 255,West Virginia,0,+/- 200,50,+/- 88,0,+/- 200,"37,620","+/- 3,476",,
Wisconsin,"5,795,483",*****,"10,264","+/- 1,701","3,897",+/- 870,"13,213","+/- 2,191","13,226","+/- 1,756",Wisconsin,"67,068","+/- 4,086","16,311","+/- 1,945","5,930","+/- 1,174","2,075",+/- 843,"3,221",+/- 976,Wisconsin,"22,840","+/- 2,978","8,983","+/- 1,264","4,093","+/- 1,076","2,310",+/- 645,"343,188","+/- 7,655",Wisconsin,"38,151","+/- 2,893","65,834","+/- 3,829","12,102","+/- 1,496","10,485","+/- 1,779","8,969","+/- 1,546",Wisconsin,"3,983",+/- 918,"7,026","+/- 1,064","12,213","+/- 1,515","99,970","+/- 5,242","208,196","+/- 6,250",Wisconsin,"26,142","+/- 2,851","19,814","+/- 2,122","4,819",+/- 894,"10,115","+/- 1,324","4,025","+/- 1,117",Wisconsin,"1,439",+/- 492,"13,498","+/- 1,783","5,301","+/- 1,317","36,106","+/- 2,807","10,572","+/- 1,476",Wisconsin,"12,604","+/- 2,167","34,607","+/- 2,670","6,221","+/- 1,127","5,235",+/- 950,"27,468","+/- 2,547",Wisconsin,"1,775",+/- 739,"4,045","+/- 1,040","12,875","+/- 1,672","14,543","+/- 1,987","41,893","+/- 3,061",Wisconsin,"5,208","+/- 1,211","1,468",+/- 584,"13,625","+/- 2,102","16,430","+/- 2,241","5,012","+/- 1,074",Wisconsin,"4,136,748","+/- 16,146","2,893",+/- 947,"20,181","+/- 3,005",93,+/- 156,282,+/- 169,Wisconsin,0,+/- 151,327,+/- 246,0,+/- 151,"316,571","+/- 9,460",,
Wyoming,"579,315",*****,"1,598",+/- 584,"1,235",+/- 536,"5,514","+/- 1,333","1,101",+/- 617,Wyoming,"29,803","+/- 3,145","32,674","+/- 3,637","2,310",+/- 891,893,+/- 597,647,+/- 346,Wyoming,"3,803","+/- 1,043","3,149",+/- 908,493,+/- 286,"10,480","+/- 1,990","8,076","+/- 1,507",Wyoming,"3,443",+/- 941,"4,694",+/- 963,"5,133","+/- 1,095","1,087",+/- 532,"2,106",+/- 781,Wyoming,839,+/- 593,"1,527",+/- 548,"2,753","+/- 1,097","8,856","+/- 1,914","8,425","+/- 1,510",Wyoming,928,+/- 533,"4,192","+/- 1,112","15,480","+/- 2,436","21,300","+/- 3,021","3,756","+/- 1,297",Wyoming,945,+/- 568,"3,219","+/- 1,071","4,871","+/- 1,465","8,468","+/- 1,734","1,432",+/- 736,Wyoming,"6,670","+/- 1,825","7,635","+/- 1,629","4,981","+/- 1,693","5,759","+/- 1,476","5,887","+/- 1,373",Wyoming,308,+/- 256,922,+/- 528,"14,695","+/- 2,342","1,227",+/- 495,"10,846","+/- 2,023",Wyoming,"25,460","+/- 3,969",267,+/- 190,"2,980",+/- 932,"7,485","+/- 1,444",696,+/- 395,Wyoming,"5,337","+/- 1,044","249,019","+/- 7,547",157,+/- 159,0,+/- 201,104,+/- 103,Wyoming,0,+/- 201,0,+/- 201,0,+/- 201,"23,650","+/- 2,963",,
,,,,,,,,,,,,,,,,,,,,,,,,,,,,,,,,,,,,,,,,,,,,,,,,,,,,,,,,,,,,,,,,,,,,,,,,,,,,,,,,,,,,,,,,,,,,,,,,,,,,,,,,,,,,,,,,,,,,,,,,,,,,,,,,,,,
Puerto Rico,"3,337,177",*****,262,+/- 436,215,+/- 323,687,+/- 503,271,+/- 288,Puerto Rico,"3,554","+/- 1,497",359,+/- 308,"6,154","+/- 1,914",155,+/- 244,0,+/- 262,Puerto Rico,"7,860","+/- 1,898",842,+/- 992,510,+/- 515,0,+/- 262,"10,755","+/- 2,126",Puerto Rico,827,+/- 650,"1,330","+/- 1,510",95,+/- 166,73,+/- 107,40,+/- 63,Puerto Rico,91,+/- 157,111,+/- 182,"5,596","+/- 1,774",733,+/- 488,60,+/- 102,Puerto Rico,0,+/- 262,149,+/- 202,0,+/- 262,273,+/- 325,50,+/- 85,Puerto Rico,266,+/- 254,"22,375","+/- 3,878",0,+/- 262,"83,270","+/- 5,446","1,535",+/- 755,Puerto Rico,0,+/- 262,"2,517","+/- 1,093",159,+/- 186,318,+/- 300,"8,075","+/- 2,296",Puerto Rico,0,+/- 262,279,+/- 245,136,+/- 222,434,+/- 604,"2,597","+/- 1,085",Puerto Rico,0,+/- 262,0,+/- 262,"1,853","+/- 1,073",584,+/- 388,146,+/- 182,Puerto Rico,499,+/- 342,98,+/- 160,"3,070,349","+/- 10,293",0,+/- 262,0,+/- 262,Puerto Rico,0,+/- 262,871,+/- 708,0,+/- 262,"99,764","+/- 7,426",,
Footnotes:,,,,,,,,,,,Footnotes:,,,,,,,,,,,Footnotes:,,,,,,,,,,,Footnotes:,,,,,,,,,,,Footnotes:,,,,,,,,,,,Footnotes:,,,,,,,,,,,Footnotes:,,,,,,,,,,,Footnotes:,,,,,,,,,,,Footnotes:,,,,,,,,,,,Footnotes:,,,,,,,,,,,Footnotes:,,,,,,,,,,,Footnotes:,,,,,,,,,,
"*****The estimate is controlled to official population estimate and is assumed to represent the entire population for that state. The estimate effectively has no sampling error, and the margin of error can be treated as zero. ",,,,,,,,,,,"*****The estimate is controlled to official population estimate and is assumed to represent the entire population for that state. The estimate effectively has no sampling error, and the margin of error can be treated as zero. ",,,,,,,,,,,"*****The estimate is controlled to official population estimate and is assumed to represent the entire population for that state. The estimate effectively has no sampling error, and the margin of error can be treated as zero. ",,,,,,,,,,,"*****The estimate is controlled to official population estimate and is assumed to represent the entire population for that state. The estimate effectively has no sampling error, and the margin of error can be treated as zero. ",,,,,,,,,,,"*****The estimate is controlled to official population estimate and is assumed to represent the entire population for that state. The estimate effectively has no sampling error, and the margin of error can be treated as zero. ",,,,,,,,,,,"*****The estimate is controlled to official population estimate and is assumed to represent the entire population for that state. The estimate effectively has no sampling error, and the margin of error can be treated as zero. ",,,,,,,,,,,"*****The estimate is controlled to official population estimate and is assumed to represent the entire population for that state. The estimate effectively has no sampling error, and the margin of error can be treated as zero. ",,,,,,,,,,,"*****The estimate is controlled to official population estimate and is assumed to represent the entire population for that state. The estimate effectively has no sampling error, and the margin of error can be treated as zero. ",,,,,,,,,,,"*****The estimate is controlled to official population estimate and is assumed to represent the entire population for that state. The estimate effectively has no sampling error, and the margin of error can be treated as zero. ",,,,,,,,,,,"*****The estimate is controlled to official population estimate and is assumed to represent the entire population for that state. The estimate effectively has no sampling error, and the margin of error can be treated as zero. ",,,,,,,,,,,"*****The estimate is controlled to official population estimate and is assumed to represent the entire population for that state. The estimate effectively has no sampling error, and the margin of error can be treated as zero. ",,,,,,,,,,,"*****The estimate is controlled to official population estimate and is assumed to represent the entire population for that state. The estimate effectively has no sampling error, and the margin of error can be treated as zero. ",,,,,,,,,,
1Incudes Puerto Rico and the District of Columbia.,,,,,,,,,,,1Incudes Puerto Rico and the District of Columbia.,,,,,,,,,,,1Incudes Puerto Rico and the District of Columbia.,,,,,,,,,,,1Incudes Puerto Rico and the District of Columbia.,,,,,,,,,,,1Incudes Puerto Rico and the District of Columbia.,,,,,,,,,,,1Incudes Puerto Rico and the District of Columbia.,,,,,,,,,,,1Incudes Puerto Rico and the District of Columbia.,,,,,,,,,,,1Incudes Puerto Rico and the District of Columbia.,,,,,,,,,,,1Incudes Puerto Rico and the District of Columbia.,,,,,,,,,,,1Incudes Puerto Rico and the District of Columbia.,,,,,,,,,,,1Incudes Puerto Rico and the District of Columbia.,,,,,,,,,,,1Incudes Puerto Rico and the District of Columbia.,,,,,,,,,,
2The estimates for the United States do not include Puerto Rico.,,,,,,,,,,,2The estimates for the United States do not include Puerto Rico.,,,,,,,,,,,2The estimates for the United States do not include Puerto Rico.,,,,,,,,,,,2The estimates for the United States do not include Puerto Rico.,,,,,,,,,,,2The estimates for the United States do not include Puerto Rico.,,,,,,,,,,,2The estimates for the United States do not include Puerto Rico.,,,,,,,,,,,2The estimates for the United States do not include Puerto Rico.,,,,,,,,,,,2The estimates for the United States do not include Puerto Rico.,,,,,,,,,,,2The estimates for the United States do not include Puerto Rico.,,,,,,,,,,,2The estimates for the United States do not include Puerto Rico.,,,,,,,,,,,2The estimates for the United States do not include Puerto Rico.,,,,,,,,,,,2The estimates for the United States do not include Puerto Rico.,,,,,,,,,,
"3Other U.S. Island Areas includes Johnston Atoll, Midway Islands, Navassa Island, Wake Island, Baker Island, Howland Island, Jarvis Island, Kingman Reef, and Palmyra Atoll.",,,,,,,,,,,"3Other U.S. Island Areas includes Johnston Atoll, Midway Islands, Navassa Island, Wake Island, Baker Island, Howland Island, Jarvis Island, Kingman Reef, and Palmyra Atoll.",,,,,,,,,,,"3Other U.S. Island Areas includes Johnston Atoll, Midway Islands, Navassa Island, Wake Island, Baker Island, Howland Island, Jarvis Island, Kingman Reef, and Palmyra Atoll.",,,,,,,,,,,"3Other U.S. Island Areas includes Johnston Atoll, Midway Islands, Navassa Island, Wake Island, Baker Island, Howland Island, Jarvis Island, Kingman Reef, and Palmyra Atoll.",,,,,,,,,,,"3Other U.S. Island Areas includes Johnston Atoll, Midway Islands, Navassa Island, Wake Island, Baker Island, Howland Island, Jarvis Island, Kingman Reef, and Palmyra Atoll.",,,,,,,,,,,"3Other U.S. Island Areas includes Johnston Atoll, Midway Islands, Navassa Island, Wake Island, Baker Island, Howland Island, Jarvis Island, Kingman Reef, and Palmyra Atoll.",,,,,,,,,,,"3Other U.S. Island Areas includes Johnston Atoll, Midway Islands, Navassa Island, Wake Island, Baker Island, Howland Island, Jarvis Island, Kingman Reef, and Palmyra Atoll.",,,,,,,,,,,"3Other U.S. Island Areas includes Johnston Atoll, Midway Islands, Navassa Island, Wake Island, Baker Island, Howland Island, Jarvis Island, Kingman Reef, and Palmyra Atoll.",,,,,,,,,,,"3Other U.S. Island Areas includes Johnston Atoll, Midway Islands, Navassa Island, Wake Island, Baker Island, Howland Island, Jarvis Island, Kingman Reef, and Palmyra Atoll.",,,,,,,,,,,"3Other U.S. Island Areas includes Johnston Atoll, Midway Islands, Navassa Island, Wake Island, Baker Island, Howland Island, Jarvis Island, Kingman Reef, and Palmyra Atoll.",,,,,,,,,,,"3Other U.S. Island Areas includes Johnston Atoll, Midway Islands, Navassa Island, Wake Island, Baker Island, Howland Island, Jarvis Island, Kingman Reef, and Palmyra Atoll.",,,,,,,,,,,"3Other U.S. Island Areas includes Johnston Atoll, Midway Islands, Navassa Island, Wake Island, Baker Island, Howland Island, Jarvis Island, Kingman Reef, and Palmyra Atoll.",,,,,,,,,,
4Foreign Country also includes Born at Sea.,,,,,,,,,,,4Foreign Country also includes Born at Sea.,,,,,,,,,,,4Foreign Country also includes Born at Sea.,,,,,,,,,,,4Foreign Country also includes Born at Sea.,,,,,,,,,,,4Foreign Country also includes Born at Sea.,,,,,,,,,,,4Foreign Country also includes Born at Sea.,,,,,,,,,,,4Foreign Country also includes Born at Sea.,,,,,,,,,,,4Foreign Country also includes Born at Sea.,,,,,,,,,,,4Foreign Country also includes Born at Sea.,,,,,,,,,,,4Foreign Country also includes Born at Sea.,,,,,,,,,,,4Foreign Country also includes Born at Sea.,,,,,,,,,,,4Foreign Country also includes Born at Sea.,,,,,,,,,,
MOE - Margin of error based on 90% confidence interval.,,,,,,,,,,,MOE - Margin of error based on 90% confidence interval.,,,,,,,,,,,MOE - Margin of error based on 90% confidence interval.,,,,,,,,,,,MOE - Margin of error based on 90% confidence interval.,,,,,,,,,,,MOE - Margin of error based on 90% confidence interval.,,,,,,,,,,,MOE - Margin of error based on 90% confidence interval.,,,,,,,,,,,MOE - Margin of error based on 90% confidence interval.,,,,,,,,,,,MOE - Margin of error based on 90% confidence interval.,,,,,,,,,,,MOE - Margin of error based on 90% confidence interval.,,,,,,,,,,,MOE - Margin of error based on 90% confidence interval.,,,,,,,,,,,MOE - Margin of error based on 90% confidence interval.,,,,,,,,,,,MOE - Margin of error based on 90% confidence interval.,,,,,,,,,,
N/A - Not Applicable.,,,,,,,,,,,N/A - Not Applicable.,,,,,,,,,,,N/A - Not Applicable.,,,,,,,,,,,N/A - Not Applicable.,,,,,,,,,,,N/A - Not Applicable.,,,,,,,,,,,N/A - Not Applicable.,,,,,,,,,,,N/A - Not Applicable.,,,,,,,,,,,N/A - Not Applicable.,,,,,,,,,,,N/A - Not Applicable.,,,,,,,,,,,N/A - Not Applicable.,,,,,,,,,,,N/A - Not Applicable.,,,,,,,,,,,N/A - Not Applicable.,,,,,,,,,,
For more information on place of birth flows see https://www.census.gov/topics/population/migration/guidance/state-of-residence-by-place-of-birth-flows-acs-prcs.html,,,,,,,,,,,For more information on place of birth flows see https://www.census.gov/topics/population/migration/guidance/state-of-residence-by-place-of-birth-flows-acs-prcs.html,,,,,,,,,,,For more information on place of birth flows see https://www.census.gov/topics/population/migration/guidance/state-of-residence-by-place-of-birth-flows-acs-prcs.html,,,,,,,,,,,For more information on place of birth flows see https://www.census.gov/topics/population/migration/guidance/state-of-residence-by-place-of-birth-flows-acs-prcs.html,,,,,,,,,,,For more information on place of birth flows see https://www.census.gov/topics/population/migration/guidance/state-of-residence-by-place-of-birth-flows-acs-prcs.html,,,,,,,,,,,For more information on place of birth flows see https://www.census.gov/topics/population/migration/guidance/state-of-residence-by-place-of-birth-flows-acs-prcs.html,,,,,,,,,,,For more information on place of birth flows see https://www.census.gov/topics/population/migration/guidance/state-of-residence-by-place-of-birth-flows-acs-prcs.html,,,,,,,,,,,For more information on place of birth flows see https://www.census.gov/topics/population/migration/guidance/state-of-residence-by-place-of-birth-flows-acs-prcs.html,,,,,,,,,,,For more information on place of birth flows see https://www.census.gov/topics/population/migration/guidance/state-of-residence-by-place-of-birth-flows-acs-prcs.html,,,,,,,,,,,For more information on place of birth flows see https://www.census.gov/topics/population/migration/guidance/state-of-residence-by-place-of-birth-flows-acs-prcs.html,,,,,,,,,,,For more information on place of birth flows see https://www.census.gov/topics/population/migration/guidance/state-of-residence-by-place-of-birth-flows-acs-prcs.html,,,,,,,,,,,For more information on place of birth flows see https://www.census.gov/topics/population/migration/guidance/state-of-residence-by-place-of-birth-flows-acs-prcs.html,,,,,,,,,,
"Source: U.S. Census Bureau, 2017 American Community Survey. For more information on the ACS, see https://census.gov/acs",,,,,,,,,,,"Source: U.S. Census Bureau, 2017 American Community Survey. For more information on the ACS, see https://census.gov/acs",,,,,,,,,,,"Source: U.S. Census Bureau, 2017 American Community Survey. For more information on the ACS, see https://census.gov/acs",,,,,,,,,,,"Source: U.S. Census Bureau, 2017 American Community Survey. For more information on the ACS, see https://census.gov/acs",,,,,,,,,,,"Source: U.S. Census Bureau, 2017 American Community Survey. For more information on the ACS, see https://census.gov/acs",,,,,,,,,,,"Source: U.S. Census Bureau, 2017 American Community Survey. For more information on the ACS, see https://census.gov/acs",,,,,,,,,,,"Source: U.S. Census Bureau, 2017 American Community Survey. For more information on the ACS, see https://census.gov/acs",,,,,,,,,,,"Source: U.S. Census Bureau, 2017 American Community Survey. For more information on the ACS, see https://census.gov/acs",,,,,,,,,,,"Source: U.S. Census Bureau, 2017 American Community Survey. For more information on the ACS, see https://census.gov/acs",,,,,,,,,,,"Source: U.S. Census Bureau, 2017 American Community Survey. For more information on the ACS, see https://census.gov/acs",,,,,,,,,,,"Source: U.S. Census Bureau, 2017 American Community Survey. For more information on the ACS, see https://census.gov/acs",,,,,,,,,,,"Source: U.S. Census Bureau, 2017 American Community Survey. For more information on the ACS, see https://census.gov/acs",,,,,,,,,,
